home_team,game_date,umpire
LAA,2023-04-07,Brian Knight
LAA,2023-04-08,Tony Randazzo
LAA,2023-04-09,Alex MacKay
LAA,2023-04-10,Ramon D
LAA,2023-04-11,Alfonso Márquez
LAA,2023-04-12,Doug Eddings
LAA,2023-04-21,Phil Cuzzi
LAA,2023-04-22,Mark Ripperger
LAA,2023-04-23,Shane Livensparger
LAA,2023-04-24,Nate Tomlinson
LAA,2023-04-25,Sean Barber
LAA,2023-04-26,Jim Wolf
LAA,2023-04-27,Mike Muchlinski
LAA,2023-05-05,Ryan Blakney
LAA,2023-05-06,Brian O'Nora
LAA,2023-05-07,Nestor Ceja
LAA,2023-05-08,D.J. Reyburn
LAA,2023-05-09,John Libka
LAA,2023-05-10,Edwin Jimenez
LAA,2023-05-19,Bill Miller
LAA,2023-05-20,Roberto Ortiz
LAA,2023-05-21,Jeremy Riggs
LAA,2023-05-22,Ryan Blakney
LAA,2023-05-23,Marvin Hudson
LAA,2023-05-24,Hunter Wendelstedt
LAA,2023-05-26,Jeff Nelson
LAA,2023-05-27,CB Bucknor
LAA,2023-05-28,Chris Segal
LAA,2023-06-06,Adam Hamari
LAA,2023-06-07,Nick Mahrley
LAA,2023-06-08,Vic Carapazza
LAA,2023-06-09,Dan Bellino
LAA,2023-06-10,Phil Cuzzi
LAA,2023-06-11,Ryan Wills
LAA,2023-06-20,Sean Barber
LAA,2023-06-21,Alan Porter
LAA,2023-06-26,Bill Miller
LAA,2023-06-27,Roberto Ortiz
LAA,2023-06-28,Chad Whitson
LAA,2023-06-29,Rob Drake
LAA,2023-06-30,Ramon D
LAA,2023-07-01,Alfonso Márquez
LAA,2023-07-02,Doug Eddings
LAA,2023-07-14,Ron Kulpa
LAA,2023-07-15,Cory Blaser
LAA,2023-07-16,Carlos Torres
LAA,2023-07-17,John Tumpane
LAA,2023-07-18,Ryan Blakney
LAA,2023-07-19,Marvin Hudson
LAA,2023-07-21,Jim Wolf
LAA,2023-07-22,Mike Muchlinski
LAA,2023-07-23,Sean Barber
LAA,2023-08-03,Paul Clemons
LAA,2023-08-04,Adrian Johnson
LAA,2023-08-05,Quinn Wolcott
LAA,2023-08-06,Junior Valentine
LAA,2023-08-07,Jansen Visconti
LAA,2023-08-08,Cory Blaser
LAA,2023-08-09,Ron Kulpa
LAA,2023-08-18,Ryan Additon
LAA,2023-08-22,Nate Tomlinson
LAA,2023-09-04,Alfonso Márquez
LAA,2023-09-05,Doug Eddings
LAA,2023-09-06,Lance Barrett
LAA,2023-09-07,Brian O'Nora
LAA,2023-09-08,Pat Hoberg
LAA,2023-09-09,Tom Hanahan
LAA,2023-09-10,Nestor Ceja
LAA,2023-09-15,Jansen Visconti
LAA,2023-09-16,Paul Clemons
LAA,2023-09-17,Jeremy Riggs
LAA,2023-09-25,Todd Tichenor
LAA,2023-09-26,Alex Tosi
LAA,2023-09-27,Brian Knight
LAA,2023-09-29,Jeff Nelson
LAA,2023-09-30,Jose Navas
LAA,2023-10-01,Brian Walsh
AZ,2023-04-06,Ramon D
AZ,2023-04-07,Alfonso Márquez
AZ,2023-04-08,Doug Eddings
AZ,2023-04-09,Lance Barrett
AZ,2023-04-10,Scott Barry
AZ,2023-04-11,Clint Vondrak
AZ,2023-04-12,Gabe Morales
AZ,2023-04-20,Nate Tomlinson
AZ,2023-04-21,Alan Porter
AZ,2023-04-22,Jim Wolf
AZ,2023-04-23,Mike Muchlinski
AZ,2023-04-24,D.J. Reyburn
AZ,2023-04-25,John Libka
AZ,2023-04-26,Edwin Jimenez
AZ,2023-05-05,Bill Miller
AZ,2023-05-06,Chad Whitson
AZ,2023-05-07,Roberto Ortiz
AZ,2023-05-08,Mark Ripperger
AZ,2023-05-09,Shane Livensparger
AZ,2023-05-10,Dan Bellino
AZ,2023-05-11,Charlie Ramos
AZ,2023-05-12,Alfonso Márquez
AZ,2023-05-13,Ramon D
AZ,2023-05-14,Doug Eddings
AZ,2023-05-26,Shane Livensparger
AZ,2023-05-27,Dan Bellino
AZ,2023-05-28,Ryan Wills
AZ,2023-05-29,Hunter Wendelstedt
AZ,2023-05-30,John Tumpane
AZ,2023-05-31,Ryan Blakney
AZ,2023-06-01,Marvin Hudson
AZ,2023-06-02,Tony Randazzo
AZ,2023-06-03,Todd Tichenor
AZ,2023-06-04,Brian Knight
AZ,2023-06-12,Vic Carapazza
AZ,2023-06-13,Jerry Layne
AZ,2023-06-14,Adam Hamari
AZ,2023-06-15,Nick Mahrley
AZ,2023-06-16,Nestor Ceja
AZ,2023-06-17,Brian O'Nora
AZ,2023-06-18,Pat Hoberg
AZ,2023-06-27,Clint Vondrak
AZ,2023-06-28,John Libka
AZ,2023-06-29,James Hoye
AZ,2023-07-04,Will Little
AZ,2023-07-05,Lance Barksdale
AZ,2023-07-06,Tripp Gibson
AZ,2023-07-07,Adam Hamari
AZ,2023-07-08,Rob Drake
AZ,2023-07-09,Bill Miller
AZ,2023-07-24,James Hoye
AZ,2023-07-25,D.J. Reyburn
AZ,2023-07-26,Clint Vondrak
AZ,2023-07-28,Jeff Nelson
AZ,2023-07-29,Chris Segal
AZ,2023-07-30,CB Bucknor
AZ,2023-08-08,Adrian Johnson
AZ,2023-08-09,Manny Gonzalez
AZ,2023-08-11,Chad Whitson
AZ,2023-08-12,Roberto Ortiz
AZ,2023-08-13,Rob Drake
AZ,2023-08-21,Doug Eddings
AZ,2023-08-22,Alfonso Márquez
AZ,2023-08-24,CB Bucknor
AZ,2023-08-25,Derek Thomas
AZ,2023-08-26,Jeff Nelson
AZ,2023-08-27,Chris Segal
AZ,2023-09-01,Tom Hanahan
AZ,2023-09-02,Nestor Ceja
AZ,2023-09-03,Brian O'Nora
AZ,2023-09-04,Quinn Wolcott
AZ,2023-09-05,Charlie Ramos
AZ,2023-09-06,Adrian Johnson
AZ,2023-09-15,Chris Guccione
AZ,2023-09-16,Jeremie Rehak
AZ,2023-09-17,Junior Valentine
AZ,2023-09-19,Adam Beck
AZ,2023-09-20,Gabe Morales
AZ,2023-09-29,Adam Hamari
AZ,2023-09-30,Todd Tichenor
AZ,2023-10-01,Alex Tosi
ATL,2023-04-06,Jeremie Rehak
ATL,2023-04-07,Paul Emmel
ATL,2023-04-08,Chad Fairchild
ATL,2023-04-09,Nic Lentz
ATL,2023-04-10,John Tumpane
ATL,2023-04-11,Ryan Blakney
ATL,2023-04-12,Marvin Hudson
ATL,2023-04-21,Jeff Nelson
ATL,2023-04-22,CB Bucknor
ATL,2023-04-23,Chris Segal
ATL,2023-04-24,Alfonso Márquez
ATL,2023-04-25,Brian O'Nora
ATL,2023-04-26,Pat Hoberg
ATL,2023-04-27,Nestor Ceja
ATL,2023-05-05,Stu Scheurwater
ATL,2023-05-06,Malachi Moore
ATL,2023-05-07,Mark Wegner
ATL,2023-05-09,Cory Blaser
ATL,2023-05-10,Clint Vondrak
ATL,2023-05-19,Edwin Jimenez
ATL,2023-05-20,Edwin Moscoso
ATL,2023-05-21,Chris Guccione
ATL,2023-05-22,Alan Porter
ATL,2023-05-23,Jim Wolf
ATL,2023-05-24,Mike Muchlinski
ATL,2023-05-25,Gabe Morales
ATL,2023-05-26,Nate Tomlinson
ATL,2023-05-27,Adam Beck
ATL,2023-05-28,Dan Iassogna
ATL,2023-06-06,D.J. Reyburn
ATL,2023-06-07,John Libka
ATL,2023-06-08,Clint Vondrak
ATL,2023-06-09,Alex MacKay
ATL,2023-06-10,Stu Scheurwater
ATL,2023-06-11,Malachi Moore
ATL,2023-06-15,Roberto Ortiz
ATL,2023-06-16,Chad Whitson
ATL,2023-06-17,Rob Drake
ATL,2023-06-18,Mark Ripperger
ATL,2023-06-26,Alex Tosi
ATL,2023-06-27,Todd Tichenor
ATL,2023-06-28,Tom Hanahan
ATL,2023-06-30,Sean Barber
ATL,2023-07-01,Alan Porter
ATL,2023-07-02,Jim Wolf
ATL,2023-07-14,Lance Barksdale
ATL,2023-07-15,Dan Merzel
ATL,2023-07-16,Ryan Additon
ATL,2023-07-18,Pat Hoberg
ATL,2023-07-19,Nestor Ceja
ATL,2023-07-20,Brian O'Nora
ATL,2023-07-28,Ramon D
ATL,2023-07-29,Lance Barrett
ATL,2023-07-30,Alfonso Márquez
ATL,2023-07-31,Nic Lentz
ATL,2023-08-01,Jeremie Rehak
ATL,2023-08-02,Chad Fairchild
ATL,2023-08-14,Chris Segal
ATL,2023-08-15,CB Bucknor
ATL,2023-08-16,Ben May
ATL,2023-08-18,John Libka
ATL,2023-08-19,D.J. Reyburn
ATL,2023-08-20,Angel Hernandez
ATL,2023-08-21,Adrian Johnson
ATL,2023-08-22,Manny Gonzalez
ATL,2023-08-23,Charlie Ramos
ATL,2023-09-05,Andy Fletcher
ATL,2023-09-06,Erich Bacchus
ATL,2023-09-07,Laz Diaz
ATL,2023-09-08,Roberto Ortiz
ATL,2023-09-09,Rob Drake
ATL,2023-09-10,Bill Miller
ATL,2023-09-18,Laz Diaz
ATL,2023-09-19,Mike Estabrook
ATL,2023-09-20,Andy Fletcher
ATL,2023-09-26,Dan Bellino
ATL,2023-09-27,Shane Livensparger
ATL,2023-09-28,Mark Ripperger
ATL,2023-09-29,Dan Merzel
ATL,2023-09-30,Ryan Wills
ATL,2023-10-01,Vic Carapazza
BAL,2023-04-07,Chad Whitson
BAL,2023-04-08,Roberto Ortiz
BAL,2023-04-09,Bill Miller
BAL,2023-04-10,Malachi Moore
BAL,2023-04-11,Mark Wegner
BAL,2023-04-12,Bruce Dreckman
BAL,2023-04-13,Stu Scheurwater
BAL,2023-04-21,Brock Ballou
BAL,2023-04-22,Vic Carapazza
BAL,2023-04-23,Nick Mahrley
BAL,2023-04-24,Junior Valentine
BAL,2023-04-25,Adrian Johnson
BAL,2023-04-26,Manny Gonzalez
BAL,2023-05-08,Todd Tichenor
BAL,2023-05-09,Brian Knight
BAL,2023-05-10,Alex Tosi
BAL,2023-05-12,James Hoye
BAL,2023-05-13,D.J. Reyburn
BAL,2023-05-14,John Libka
BAL,2023-05-15,Brian O'Nora
BAL,2023-05-16,Pat Hoberg
BAL,2023-05-17,Emil Jimenez
BAL,2023-05-18,Nestor Ceja
BAL,2023-05-26,Jordan Baker
BAL,2023-05-27,Brennan Miller
BAL,2023-05-28,Mark Carlson
BAL,2023-05-29,Doug Eddings
BAL,2023-05-30,Alfonso Márquez
BAL,2023-05-31,Ramon D
BAL,2023-06-09,Scott Barry
BAL,2023-06-10,Gabe Morales
BAL,2023-06-11,Adam Beck
BAL,2023-06-13,Ron Kulpa
BAL,2023-06-14,Junior Valentine
BAL,2023-06-15,Carlos Torres
BAL,2023-06-23,Pat Hoberg
BAL,2023-06-24,Jacob Metz
BAL,2023-06-25,Nestor Ceja
BAL,2023-06-26,Ryan Additon
BAL,2023-06-27,Dan Merzel
BAL,2023-06-28,Will Little
BAL,2023-06-30,Erich Bacchus
BAL,2023-07-01,Andy Fletcher
BAL,2023-07-02,Mike Estabrook
BAL,2023-07-14,John Libka
BAL,2023-07-15,James Hoye
BAL,2023-07-16,D.J. Reyburn
BAL,2023-07-17,David Rackley
BAL,2023-07-18,Chris Guccione
BAL,2023-07-19,Edwin Moscoso
BAL,2023-07-28,Shane Livensparger
BAL,2023-07-29,Dan Bellino
BAL,2023-07-30,Phil Cuzzi
BAL,2023-08-04,Charlie Ramos
BAL,2023-08-05,Nic Lentz
BAL,2023-08-06,Jeremie Rehak
BAL,2023-08-08,Chris Guccione
BAL,2023-08-09,Edwin Moscoso
BAL,2023-08-10,David Rackley
BAL,2023-08-22,Gabe Morales
BAL,2023-08-23,Adam Beck
BAL,2023-08-24,Dan Iassogna
BAL,2023-08-25,Mark Ripperger
BAL,2023-08-26,Manny Gonzalez
BAL,2023-08-27,Dan Bellino
BAL,2023-08-28,Ron Kulpa
BAL,2023-08-29,Cory Blaser
BAL,2023-08-30,Carlos Torres
BAL,2023-09-11,Alan Porter
BAL,2023-09-12,Nate Tomlinson
BAL,2023-09-13,Sean Barber
BAL,2023-09-14,Nick Mahrley
BAL,2023-09-15,Vic Carapazza
BAL,2023-09-16,Adam Hamari
BAL,2023-09-17,Clint Vondrak
BAL,2023-09-26,Vic Carapazza
BAL,2023-09-27,Nick Mahrley
BAL,2023-09-28,Jim Wolf
BAL,2023-09-29,Alan Porter
BAL,2023-09-30,Mike Muchlinski
BAL,2023-10-01,Sean Barber
BOS,2023-03-30,Lance Barksdale
BOS,2023-04-01,Will Little
BOS,2023-04-02,Ryan Additon
BOS,2023-04-03,Adam Beck
BOS,2023-04-04,Dan Iassogna
BOS,2023-04-05,Scott Barry
BOS,2023-04-14,Ron Kulpa
BOS,2023-04-15,Cory Blaser
BOS,2023-04-16,Carlos Torres
BOS,2023-04-17,Jansen Visconti
BOS,2023-04-18,Jordan Baker
BOS,2023-04-19,Tripp Gibson
BOS,2023-04-20,Brennan Miller
BOS,2023-04-28,Chris Segal
BOS,2023-04-29,Ben May
BOS,2023-04-30,Jeff Nelson
BOS,2023-05-01,Dan Merzel
BOS,2023-05-02,Lance Barksdale
BOS,2023-05-03,Will Little
BOS,2023-05-04,Ryan Additon
BOS,2023-05-12,Nick Mahrley
BOS,2023-05-13,Derek Thomas
BOS,2023-05-14,Vic Carapazza
BOS,2023-05-15,Erich Bacchus
BOS,2023-05-16,Laz Diaz
BOS,2023-05-17,Mike Estabrook
BOS,2023-05-30,Sean Barber
BOS,2023-05-31,Alan Porter
BOS,2023-06-01,Jim Wolf
BOS,2023-06-04,Edwin Jimenez
BOS,2023-06-05,Chris Guccione
BOS,2023-06-12,Chad Fairchild
BOS,2023-06-13,Nic Lentz
BOS,2023-06-14,Charlie Ramos
BOS,2023-06-16,Hunter Wendelstedt
BOS,2023-06-27,Malachi Moore
BOS,2023-06-28,Dan Bellino
BOS,2023-06-29,Stu Scheurwater
BOS,2023-07-04,Sean Barber
BOS,2023-07-05,Alan Porter
BOS,2023-07-06,Jim Wolf
BOS,2023-07-07,Adrian Johnson
BOS,2023-07-08,Phil Cuzzi
BOS,2023-07-09,Emil Jimenez
BOS,2023-07-21,Doug Eddings
BOS,2023-07-22,Ramon D
BOS,2023-07-23,Brian Walsh
BOS,2023-07-25,Erich Bacchus
BOS,2023-07-26,Ryan Wills
BOS,2023-08-04,Rob Drake
BOS,2023-08-05,Bill Miller
BOS,2023-08-06,Chad Whitson
BOS,2023-08-07,Nick Mahrley
BOS,2023-08-08,Vic Carapazza
BOS,2023-08-09,Emil Jimenez
BOS,2023-08-10,Adam Hamari
BOS,2023-08-11,Jim Wolf
BOS,2023-08-12,Jeremy Riggs
BOS,2023-08-13,Mike Muchlinski
BOS,2023-08-25,Mark Carlson
BOS,2023-08-26,Jordan Baker
BOS,2023-08-27,Brennan Miller
BOS,2023-08-28,Dan Iassogna
BOS,2023-08-29,Clint Vondrak
BOS,2023-08-30,Gabe Morales
BOS,2023-09-08,Mike Estabrook
BOS,2023-09-09,Andy Fletcher
BOS,2023-09-10,Erich Bacchus
BOS,2023-09-22,Shane Livensparger
BOS,2023-09-23,Mark Ripperger
BOS,2023-09-24,David Arrieta
BOS,2023-09-26,Nic Lentz
BOS,2023-09-27,Jeremie Rehak
CHC,2023-03-30,Ron Kulpa
CHC,2023-04-01,Cory Blaser
CHC,2023-04-02,Carlos Torres
CHC,2023-04-07,Nestor Ceja
CHC,2023-04-08,Charlie Ramos
CHC,2023-04-09,Brian O'Nora
CHC,2023-04-10,Junior Valentine
CHC,2023-04-11,Adrian Johnson
CHC,2023-04-12,Manny Gonzalez
CHC,2023-04-20,Ryan Wills
CHC,2023-04-21,Andy Fletcher
CHC,2023-04-22,Mike Estabrook
CHC,2023-04-23,Erich Bacchus
CHC,2023-04-25,Adam Beck
CHC,2023-04-26,Clint Vondrak
CHC,2023-04-27,Gabe Morales
CHC,2023-05-05,Sean Barber
CHC,2023-05-06,Jim Wolf
CHC,2023-05-07,Alan Porter
CHC,2023-05-08,CB Bucknor
CHC,2023-05-09,Ryan Wills
CHC,2023-05-10,Ben May
CHC,2023-05-23,Rob Drake
CHC,2023-05-24,Bill Miller
CHC,2023-05-25,Roberto Ortiz
CHC,2023-05-26,Adrian Johnson
CHC,2023-05-27,Manny Gonzalez
CHC,2023-05-28,Quinn Wolcott
CHC,2023-05-29,Dan Merzel
CHC,2023-05-30,Lance Barksdale
CHC,2023-05-31,Will Little
CHC,2023-06-13,John Tumpane
CHC,2023-06-14,Marvin Hudson
CHC,2023-06-15,Brian Walsh
CHC,2023-06-16,Tom Hanahan
CHC,2023-06-17,CB Bucknor
CHC,2023-06-18,Ben May
CHC,2023-06-27,Junior Valentine
CHC,2023-06-28,Jose Navas
CHC,2023-06-29,Mike Muchlinski
CHC,2023-06-30,Charlie Ramos
CHC,2023-07-01,Jeremie Rehak
CHC,2023-07-02,Chad Fairchild
CHC,2023-07-14,Chris Segal
CHC,2023-07-15,Jeff Nelson
CHC,2023-07-16,Ben May
CHC,2023-07-17,Clint Vondrak
CHC,2023-07-18,John Libka
CHC,2023-07-19,James Hoye
CHC,2023-07-20,Jansen Visconti
CHC,2023-07-21,Ron Kulpa
CHC,2023-07-22,Cory Blaser
CHC,2023-07-23,Brock Ballou
CHC,2023-07-31,Jordan Baker
CHC,2023-08-01,Mark Carlson
CHC,2023-08-02,Tripp Gibson
CHC,2023-08-03,Derek Thomas
CHC,2023-08-04,John Tumpane
CHC,2023-08-05,Ryan Blakney
CHC,2023-08-06,Marvin Hudson
CHC,2023-08-15,Mark Carlson
CHC,2023-08-16,Jordan Baker
CHC,2023-08-18,Rob Drake
CHC,2023-08-19,Bill Miller
CHC,2023-08-20,Chad Whitson
CHC,2023-08-28,James Hoye
CHC,2023-08-29,John Libka
CHC,2023-08-30,D.J. Reyburn
CHC,2023-09-04,Ron Kulpa
CHC,2023-09-05,Jansen Visconti
CHC,2023-09-06,Carlos Torres
CHC,2023-09-07,Malachi Moore
CHC,2023-09-08,Bruce Dreckman
CHC,2023-09-09,Stu Scheurwater
CHC,2023-09-10,Mark Wegner
CHC,2023-09-19,Jim Wolf
CHC,2023-09-20,Alan Porter
CHC,2023-09-21,Nate Tomlinson
CHC,2023-09-22,Dan Iassogna
CHC,2023-09-23,Adam Beck
CHC,2023-09-24,Junior Valentine
CWS,2023-04-03,James Hoye
CWS,2023-04-05,D.J. Reyburn
CWS,2023-04-06,John Libka
CWS,2023-04-14,Alex MacKay
CWS,2023-04-15,Todd Tichenor
CWS,2023-04-16,Brian Knight
CWS,2023-04-19,Ben May
CWS,2023-04-27,Alex MacKay
CWS,2023-04-28,Marvin Hudson
CWS,2023-04-29,Hunter Wendelstedt
CWS,2023-04-30,John Tumpane
CWS,2023-05-02,Dan Bellino
CWS,2023-05-03,Phil Cuzzi
CWS,2023-05-04,Mark Ripperger
CWS,2023-05-12,Mark Wegner
CWS,2023-05-13,Bruce Dreckman
CWS,2023-05-14,Stu Scheurwater
CWS,2023-05-16,Adam Beck
CWS,2023-05-17,Dan Iassogna
CWS,2023-05-18,Gabe Morales
CWS,2023-05-19,Ryan Wills
CWS,2023-05-20,Phil Cuzzi
CWS,2023-05-21,Shane Livensparger
CWS,2023-05-29,John Libka
CWS,2023-05-30,Clint Vondrak
CWS,2023-05-31,James Hoye
CWS,2023-06-02,Jansen Visconti
CWS,2023-06-03,Cory Blaser
CWS,2023-06-04,Ron Kulpa
CWS,2023-06-09,David Rackley
CWS,2023-06-10,Chris Guccione
CWS,2023-06-11,Nate Tomlinson
CWS,2023-06-19,James Hoye
CWS,2023-06-20,D.J. Reyburn
CWS,2023-06-21,Clint Vondrak
CWS,2023-06-23,Gabe Morales
CWS,2023-06-24,Adam Beck
CWS,2023-06-25,Dan Iassogna
CWS,2023-07-04,Nate Tomlinson
CWS,2023-07-07,Doug Eddings
CWS,2023-07-08,Lance Barrett
CWS,2023-07-09,Alfonso Márquez
CWS,2023-07-25,Nick Mahrley
CWS,2023-07-26,Vic Carapazza
CWS,2023-07-27,Tony Randazzo
CWS,2023-07-28,Alex Tosi
CWS,2023-07-29,Brian Knight
CWS,2023-07-30,Todd Tichenor
CWS,2023-08-07,Laz Diaz
CWS,2023-08-08,Mike Estabrook
CWS,2023-08-09,Andy Fletcher
CWS,2023-08-11,Carlos Torres
CWS,2023-08-12,Jansen Visconti
CWS,2023-08-13,Cory Blaser
CWS,2023-08-21,Shane Livensparger
CWS,2023-08-22,Dan Bellino
CWS,2023-08-23,Phil Cuzzi
CWS,2023-08-24,Ben May
CWS,2023-08-25,Larry Vanover
CWS,2023-08-26,Nate Tomlinson
CWS,2023-08-27,David Rackley
CWS,2023-09-01,Lance Barksdale
CWS,2023-09-02,Ramon D
CWS,2023-09-03,Will Little
CWS,2023-09-13,Nic Lentz
CWS,2023-09-14,Jim Wolf
CWS,2023-09-15,Alan Porter
CWS,2023-09-16,Nate Tomlinson
CWS,2023-09-17,Sean Barber
CWS,2023-09-26,Manny Gonzalez
CWS,2023-09-27,Adrian Johnson
CWS,2023-09-28,Junior Valentine
CWS,2023-09-29,Marvin Hudson
CWS,2023-09-30,John Tumpane
CWS,2023-10-01,Alex MacKay
CIN,2023-03-30,Mark Wegner
CIN,2023-04-01,Bruce Dreckman
CIN,2023-04-02,Stu Scheurwater
CIN,2023-04-03,Bill Miller
CIN,2023-04-04,Rob Drake
CIN,2023-04-13,David Rackley
CIN,2023-04-14,Edwin Moscoso
CIN,2023-04-15,Jeremy Riggs
CIN,2023-04-16,Chris Guccione
CIN,2023-04-17,Andy Fletcher
CIN,2023-04-18,Mike Estabrook
CIN,2023-04-19,Erich Bacchus
CIN,2023-04-24,Will Little
CIN,2023-04-25,Ryan Additon
CIN,2023-04-26,Dan Merzel
CIN,2023-05-05,Brian Knight
CIN,2023-05-06,Alex Tosi
CIN,2023-05-07,Tony Randazzo
CIN,2023-05-09,Bruce Dreckman
CIN,2023-05-10,Stu Scheurwater
CIN,2023-05-11,Malachi Moore
CIN,2023-05-19,Brian O'Nora
CIN,2023-05-20,Pat Hoberg
CIN,2023-05-21,Emil Jimenez
CIN,2023-05-22,Lance Barksdale
CIN,2023-05-23,Will Little
CIN,2023-05-24,Ryan Additon
CIN,2023-05-25,Dan Merzel
CIN,2023-06-02,D.J. Reyburn
CIN,2023-06-03,John Libka
CIN,2023-06-04,Clint Vondrak
CIN,2023-06-05,James Hoye
CIN,2023-06-06,Carlos Torres
CIN,2023-06-07,Brock Ballou
CIN,2023-06-08,Ron Kulpa
CIN,2023-06-19,Alex Tosi
CIN,2023-06-20,Todd Tichenor
CIN,2023-06-21,Tony Randazzo
CIN,2023-06-23,Chad Fairchild
CIN,2023-06-24,Nic Lentz
CIN,2023-06-25,Brock Ballou
CIN,2023-06-30,Jeff Nelson
CIN,2023-07-01,Ryan Wills
CIN,2023-07-02,Chris Segal
CIN,2023-07-14,Nestor Ceja
CIN,2023-07-15,Brian O'Nora
CIN,2023-07-16,Edwin Jimenez
CIN,2023-07-17,Tom Hanahan
CIN,2023-07-18,Gabe Morales
CIN,2023-07-19,Adam Beck
CIN,2023-07-20,Dan Iassogna
CIN,2023-07-21,Nate Tomlinson
CIN,2023-07-22,David Rackley
CIN,2023-07-23,Chris Guccione
CIN,2023-08-04,Brian Knight
CIN,2023-08-05,John Libka
CIN,2023-08-06,Clint Vondrak
CIN,2023-08-07,Roberto Ortiz
CIN,2023-08-08,Rob Drake
CIN,2023-08-09,Bill Miller
CIN,2023-08-15,Alan Porter
CIN,2023-08-16,John Bacon
CIN,2023-08-18,Dan Bellino
CIN,2023-08-19,Phil Cuzzi
CIN,2023-08-20,Mark Ripperger
CIN,2023-09-02,Laz Diaz
CIN,2023-09-03,Mike Estabrook
CIN,2023-09-04,Marvin Hudson
CIN,2023-09-05,Derek Thomas
CIN,2023-09-06,John Tumpane
CIN,2023-09-08,Jordan Baker
CIN,2023-09-09,Brennan Miller
CIN,2023-09-10,Tripp Gibson
CIN,2023-09-18,Marvin Hudson
CIN,2023-09-19,Alex Tosi
CIN,2023-09-20,Ryan Blakney
CIN,2023-09-22,Bruce Dreckman
CIN,2023-09-23,Stu Scheurwater
CIN,2023-09-24,Mark Wegner
CLE,2023-04-07,Nate Tomlinson
CLE,2023-04-08,James Hoye
CLE,2023-04-09,D.J. Reyburn
CLE,2023-04-10,Larry Vanover
CLE,2023-04-11,Edwin Moscoso
CLE,2023-04-12,Chris Guccione
CLE,2023-04-23,Lance Barksdale
CLE,2023-04-24,Ramon D
CLE,2023-04-25,Doug Eddings
CLE,2023-04-26,Edwin Moscoso
CLE,2023-05-05,Dan Iassogna
CLE,2023-05-06,Gabe Morales
CLE,2023-05-07,Scott Barry
CLE,2023-05-08,Nick Mahrley
CLE,2023-05-09,Jerry Layne
CLE,2023-05-10,Adam Hamari
CLE,2023-05-12,Manny Gonzalez
CLE,2023-05-13,Junior Valentine
CLE,2023-05-14,Adrian Johnson
CLE,2023-05-22,Jeremie Rehak
CLE,2023-05-23,Chad Fairchild
CLE,2023-05-24,Nic Lentz
CLE,2023-05-26,Chris Guccione
CLE,2023-05-27,David Rackley
CLE,2023-05-28,Edwin Jimenez
CLE,2023-06-06,Stu Scheurwater
CLE,2023-06-07,Malachi Moore
CLE,2023-06-08,Andy Fletcher
CLE,2023-06-09,Laz Diaz
CLE,2023-06-10,Mike Estabrook
CLE,2023-06-11,Erich Bacchus
CLE,2023-06-20,Carlos Torres
CLE,2023-06-21,Brock Ballou
CLE,2023-06-22,Cory Blaser
CLE,2023-06-23,Dan Merzel
CLE,2023-06-24,Will Little
CLE,2023-06-25,Lance Barksdale
CLE,2023-07-03,Brian O'Nora
CLE,2023-07-04,Pat Hoberg
CLE,2023-07-05,Edwin Jimenez
CLE,2023-07-06,Mark Carlson
CLE,2023-07-07,Brennan Miller
CLE,2023-07-08,Derek Thomas
CLE,2023-07-09,Randy Rosenberg
CLE,2023-07-21,Tom Hanahan
CLE,2023-07-22,Gabe Morales
CLE,2023-07-23,Adam Beck
CLE,2023-07-24,Brian O'Nora
CLE,2023-07-25,Edwin Jimenez
CLE,2023-07-26,Pat Hoberg
CLE,2023-08-04,Bruce Dreckman
CLE,2023-08-05,Mark Wegner
CLE,2023-08-06,Stu Scheurwater
CLE,2023-08-07,Chad Fairchild
CLE,2023-08-08,Charlie Ramos
CLE,2023-08-09,Nic Lentz
CLE,2023-08-10,Jeremie Rehak
CLE,2023-08-19,CB Bucknor
CLE,2023-08-20,Ben May
CLE,2023-08-22,Mark Wegner
CLE,2023-08-23,Malachi Moore
CLE,2023-08-24,Bruce Dreckman
CLE,2023-09-01,Chris Segal
CLE,2023-09-02,CB Bucknor
CLE,2023-09-03,Ben May
CLE,2023-09-04,Chad Fairchild
CLE,2023-09-05,Nic Lentz
CLE,2023-09-06,Paul Clemons
CLE,2023-09-15,Lance Barrett
CLE,2023-09-16,Rob Drake
CLE,2023-09-17,Roberto Ortiz
CLE,2023-09-21,Tom Hanahan
CLE,2023-09-22,Nestor Ceja
CLE,2023-09-23,Brian O'Nora
CLE,2023-09-24,Chris Segal
CLE,2023-09-26,Mike Muchlinski
CLE,2023-09-27,Sean Barber
COL,2023-04-06,Cory Blaser
COL,2023-04-07,Carlos Torres
COL,2023-04-08,Jansen Visconti
COL,2023-04-09,Ron Kulpa
COL,2023-04-10,Shane Livensparger
COL,2023-04-11,Dan Bellino
COL,2023-04-12,Phil Cuzzi
COL,2023-04-17,Gabe Morales
COL,2023-04-18,Dan Iassogna
COL,2023-04-19,Adam Beck
COL,2023-04-28,Nic Lentz
COL,2023-04-29,Emil Jimenez
COL,2023-04-30,Paul Emmel
COL,2023-05-02,Edwin Jimenez
COL,2023-05-03,James Hoye
COL,2023-05-04,D.J. Reyburn
COL,2023-05-12,Jeff Nelson
COL,2023-05-13,Jordan Baker
COL,2023-05-14,Ryan Wills
COL,2023-05-15,Adam Hamari
COL,2023-05-16,Nick Mahrley
COL,2023-05-17,Vic Carapazza
COL,2023-05-22,Bruce Dreckman
COL,2023-05-23,Derek Thomas
COL,2023-05-24,Malachi Moore
COL,2023-05-25,Mark Wegner
COL,2023-05-26,Ron Kulpa
COL,2023-05-27,Carlos Torres
COL,2023-05-28,Jansen Visconti
COL,2023-06-06,Ryan Wills
COL,2023-06-07,Mark Ripperger
COL,2023-06-08,Shane Livensparger
COL,2023-06-09,Jerry Layne
COL,2023-06-10,Adam Hamari
COL,2023-06-11,Nick Mahrley
COL,2023-06-23,Edwin Moscoso
COL,2023-06-24,Nate Tomlinson
COL,2023-06-25,David Rackley
COL,2023-06-27,Doug Eddings
COL,2023-06-28,Lance Barrett
COL,2023-06-29,Alex MacKay
COL,2023-06-30,D.J. Reyburn
COL,2023-07-01,Clint Vondrak
COL,2023-07-02,John Libka
COL,2023-07-14,Adam Hamari
COL,2023-07-15,Nick Mahrley
COL,2023-07-16,Vic Carapazza
COL,2023-07-18,Charlie Ramos
COL,2023-07-19,Nic Lentz
COL,2023-07-28,Roberto Ortiz
COL,2023-07-29,Rob Drake
COL,2023-07-30,Bill Miller
COL,2023-07-31,Edwin Moscoso
COL,2023-08-01,David Rackley
COL,2023-08-02,Nate Tomlinson
COL,2023-08-14,Brian Knight
COL,2023-08-15,Todd Tichenor
COL,2023-08-16,Alex Tosi
COL,2023-08-18,Adam Beck
COL,2023-08-19,Dan Iassogna
COL,2023-08-20,Clint Vondrak
COL,2023-08-28,Lance Barrett
COL,2023-08-29,Ryan Blakney
COL,2023-08-30,Ryan Wills
COL,2023-09-01,Angel Hernandez
COL,2023-09-02,James Hoye
COL,2023-09-03,John Libka
COL,2023-09-11,Brian O'Nora
COL,2023-09-12,Pat Hoberg
COL,2023-09-13,Nestor Ceja
COL,2023-09-15,Will Little
COL,2023-09-17,Ryan Wills
COL,2023-09-27,CB Bucknor
COL,2023-09-28,Ben May
COL,2023-09-29,Edwin Moscoso
COL,2023-09-30,Chris Guccione
COL,2023-10-01,David Rackley
DET,2023-04-06,Edwin Moscoso
DET,2023-04-08,Chris Guccione
DET,2023-04-09,David Rackley
DET,2023-04-14,Malachi Moore
DET,2023-04-15,Mark Wegner
DET,2023-04-19,Todd Tichenor
DET,2023-04-27,Charlie Ramos
DET,2023-04-30,Doug Eddings
DET,2023-05-04,Adam Beck
DET,2023-05-12,Tony Randazzo
DET,2023-05-13,Todd Tichenor
DET,2023-05-14,Brian Knight
DET,2023-05-16,Paul Emmel
DET,2023-05-17,Nic Lentz
DET,2023-05-25,Sean Barber
DET,2023-05-26,Alan Porter
DET,2023-05-27,Jim Wolf
DET,2023-05-28,Mike Muchlinski
DET,2023-05-29,Charlie Ramos
DET,2023-05-30,Jeremie Rehak
DET,2023-05-31,Chad Fairchild
DET,2023-06-09,James Hoye
DET,2023-06-10,D.J. Reyburn
DET,2023-06-11,John Libka
DET,2023-06-12,Jordan Baker
DET,2023-06-19,Will Little
DET,2023-06-20,Lance Barksdale
DET,2023-06-21,Ryan Additon
DET,2023-06-23,Lance Barrett
DET,2023-06-24,Alex MacKay
DET,2023-06-25,Alfonso Márquez
DET,2023-07-04,Bill Miller
DET,2023-07-05,Roberto Ortiz
DET,2023-07-06,Chad Whitson
DET,2023-07-07,Jeremy Riggs
DET,2023-07-08,Erich Bacchus
DET,2023-07-09,Andy Fletcher
DET,2023-07-21,Brian Knight
DET,2023-07-22,Todd Tichenor
DET,2023-07-23,Tony Randazzo
DET,2023-07-24,Alex Tosi
DET,2023-07-25,Tripp Gibson
DET,2023-08-04,Mark Ripperger
DET,2023-08-05,Shane Livensparger
DET,2023-08-06,Dan Bellino
DET,2023-08-07,Pat Hoberg
DET,2023-08-08,Nestor Ceja
DET,2023-08-09,Nate Tomlinson
DET,2023-08-10,Brian O'Nora
DET,2023-08-21,Carlos Torres
DET,2023-08-22,Jansen Visconti
DET,2023-08-23,John Bacon
DET,2023-08-25,Laz Diaz
DET,2023-08-26,Mike Estabrook
DET,2023-08-27,Andy Fletcher
DET,2023-08-28,Vic Carapazza
DET,2023-08-29,Adam Hamari
DET,2023-08-30,Nick Mahrley
DET,2023-08-31,Jacob Metz
DET,2023-09-08,Marvin Hudson
DET,2023-09-09,Derek Thomas
DET,2023-09-10,Emil Jimenez
DET,2023-09-12,Adrian Johnson
DET,2023-09-13,Manny Gonzalez
DET,2023-09-14,Quinn Wolcott
DET,2023-09-26,John Tumpane
DET,2023-09-27,Alex MacKay
DET,2023-09-28,Brock Ballou
DET,2023-09-29,John Libka
DET,2023-09-30,Angel Hernandez
DET,2023-10-01,John Bacon
HOU,2023-03-30,Bill Miller
HOU,2023-03-31,Rob Drake
HOU,2023-04-01,Chad Whitson
HOU,2023-04-02,Roberto Ortiz
HOU,2023-04-03,Ben May
HOU,2023-04-04,Jeff Nelson
HOU,2023-04-05,CB Bucknor
HOU,2023-04-14,Laz Diaz
HOU,2023-04-15,Erich Bacchus
HOU,2023-04-16,Ryan Wills
HOU,2023-04-17,Pat Hoberg
HOU,2023-04-18,Nestor Ceja
HOU,2023-04-19,Alex MacKay
HOU,2023-04-28,Lance Barksdale
HOU,2023-04-29,Will Little
HOU,2023-04-30,Ryan Additon
HOU,2023-05-01,Malachi Moore
HOU,2023-05-02,Mark Wegner
HOU,2023-05-03,Bruce Dreckman
HOU,2023-05-15,Edwin Moscoso
HOU,2023-05-16,Chris Guccione
HOU,2023-05-17,David Rackley
HOU,2023-05-19,Brennan Miller
HOU,2023-05-20,Mark Carlson
HOU,2023-05-21,Tripp Gibson
HOU,2023-05-29,Vic Carapazza
HOU,2023-05-30,Jerry Layne
HOU,2023-05-31,Adam Hamari
HOU,2023-06-01,Stu Scheurwater
HOU,2023-06-02,Malachi Moore
HOU,2023-06-03,Mark Wegner
HOU,2023-06-04,Bruce Dreckman
HOU,2023-06-13,Tony Randazzo
HOU,2023-06-14,Jeremy Riggs
HOU,2023-06-15,Brian Knight
HOU,2023-06-16,Vic Carapazza
HOU,2023-06-17,Jerry Layne
HOU,2023-06-18,Adam Hamari
HOU,2023-06-19,Jacob Metz
HOU,2023-06-20,Nestor Ceja
HOU,2023-06-21,Brian O'Nora
HOU,2023-07-04,Derek Thomas
HOU,2023-07-05,Jordan Baker
HOU,2023-07-06,Nestor Ceja
HOU,2023-07-07,Brian O'Nora
HOU,2023-07-08,Pat Hoberg
HOU,2023-07-09,Edwin Jimenez
HOU,2023-07-24,Dan Bellino
HOU,2023-07-25,Phil Cuzzi
HOU,2023-07-26,Mark Ripperger
HOU,2023-07-28,Mark Carlson
HOU,2023-07-29,Tripp Gibson
HOU,2023-07-30,Derek Thomas
HOU,2023-07-31,Adrian Johnson
HOU,2023-08-01,Quinn Wolcott
HOU,2023-08-02,Junior Valentine
HOU,2023-08-11,Alfonso Márquez
HOU,2023-08-12,Ramon D
HOU,2023-08-13,Lance Barrett
HOU,2023-08-18,Alex MacKay
HOU,2023-08-19,Bruce Dreckman
HOU,2023-08-20,Stu Scheurwater
HOU,2023-08-21,Brian O'Nora
HOU,2023-08-22,Pat Hoberg
HOU,2023-08-23,Tom Hanahan
HOU,2023-08-24,Nestor Ceja
HOU,2023-09-01,Nic Lentz
HOU,2023-09-02,Paul Clemons
HOU,2023-09-03,Jeremie Rehak
HOU,2023-09-08,Manny Gonzalez
HOU,2023-09-09,Quinn Wolcott
HOU,2023-09-10,Charlie Ramos
HOU,2023-09-11,Vic Carapazza
HOU,2023-09-12,Adam Hamari
HOU,2023-09-13,Clint Vondrak
HOU,2023-09-18,Chad Fairchild
HOU,2023-09-19,Phil Cuzzi
HOU,2023-09-20,Jeremie Rehak
HOU,2023-09-22,Ryan Wills
HOU,2023-09-23,Will Little
HOU,2023-09-24,Ryan Additon
KC,2023-03-30,Todd Tichenor
KC,2023-04-01,Brian Knight
KC,2023-04-02,Alex Tosi
KC,2023-04-03,Adam Hamari
KC,2023-04-04,Jerry Layne
KC,2023-04-05,Vic Carapazza
KC,2023-04-06,Manny Gonzalez
KC,2023-04-14,Quinn Wolcott
KC,2023-04-15,Junior Valentine
KC,2023-04-16,Adrian Johnson
KC,2023-04-17,Bruce Dreckman
KC,2023-04-18,Stu Scheurwater
KC,2023-04-19,Malachi Moore
KC,2023-05-02,Chad Whitson
KC,2023-05-03,Roberto Ortiz
KC,2023-05-04,Rob Drake
KC,2023-05-05,Paul Emmel
KC,2023-05-06,Chad Fairchild
KC,2023-05-07,Nic Lentz
KC,2023-05-08,Manny Gonzalez
KC,2023-05-09,Junior Valentine
KC,2023-05-10,Adrian Johnson
KC,2023-05-11,Quinn Wolcott
KC,2023-05-22,CB Bucknor
KC,2023-05-23,Chris Segal
KC,2023-05-24,Brian Walsh
KC,2023-05-26,Lance Barksdale
KC,2023-05-27,Will Little
KC,2023-05-28,Ryan Additon
KC,2023-06-02,Mike Muchlinski
KC,2023-06-03,Sean Barber
KC,2023-06-04,Alan Porter
KC,2023-06-12,CB Bucknor
KC,2023-06-13,Ben May
KC,2023-06-14,Jeff Nelson
KC,2023-06-16,Todd Tichenor
KC,2023-06-17,Tony Randazzo
KC,2023-06-18,Jeremy Riggs
KC,2023-06-27,Andy Fletcher
KC,2023-06-28,Mike Estabrook
KC,2023-06-29,Jeremy Riggs
KC,2023-06-30,Marvin Hudson
KC,2023-07-01,Ryan Blakney
KC,2023-07-02,Hunter Wendelstedt
KC,2023-07-16,Ryan Wills
KC,2023-07-17,Doug Eddings
KC,2023-07-18,Ramon D
KC,2023-07-19,Brian Walsh
KC,2023-07-20,Alfonso Márquez
KC,2023-07-28,Mike Muchlinski
KC,2023-07-29,Sean Barber
KC,2023-07-30,Alan Porter
KC,2023-08-01,Ryan Blakney
KC,2023-08-02,Marvin Hudson
KC,2023-08-03,Hunter Wendelstedt
KC,2023-08-11,Larry Vanover
KC,2023-08-12,Chris Guccione
KC,2023-08-14,John Libka
KC,2023-08-15,D.J. Reyburn
KC,2023-08-16,Angel Hernandez
KC,2023-08-17,James Hoye
KC,2023-08-28,Nestor Ceja
KC,2023-08-29,Brian O'Nora
KC,2023-08-30,Pat Hoberg
KC,2023-09-01,Sean Barber
KC,2023-09-02,Alan Porter
KC,2023-09-03,Jim Wolf
KC,2023-09-04,Nate Tomlinson
KC,2023-09-05,Bill Miller
KC,2023-09-06,Chad Whitson
KC,2023-09-15,James Hoye
KC,2023-09-16,John Libka
KC,2023-09-17,Derek Thomas
KC,2023-09-18,Ramon D
KC,2023-09-19,Emil Jimenez
KC,2023-09-20,Doug Eddings
KC,2023-09-29,Ron Kulpa
KC,2023-09-30,Jeremy Riggs
KC,2023-10-01,Clint Vondrak
LAD,2023-03-30,Marvin Hudson
LAD,2023-03-31,Hunter Wendelstedt
LAD,2023-04-01,John Tumpane
LAD,2023-04-02,Ryan Blakney
LAD,2023-04-03,Mark Carlson
LAD,2023-04-04,Jordan Baker
LAD,2023-04-14,Jim Wolf
LAD,2023-04-15,Mike Muchlinski
LAD,2023-04-16,Sean Barber
LAD,2023-04-17,Mark Ripperger
LAD,2023-04-18,Shane Livensparger
LAD,2023-04-19,Dan Bellino
LAD,2023-04-28,Nate Tomlinson
LAD,2023-04-29,Sean Barber
LAD,2023-04-30,Jim Wolf
LAD,2023-05-01,David Rackley
LAD,2023-05-02,Jeremy Riggs
LAD,2023-05-03,Edwin Moscoso
LAD,2023-05-12,Jeremy Riggs
LAD,2023-05-13,Rob Drake
LAD,2023-05-14,Bill Miller
LAD,2023-05-15,Phil Cuzzi
LAD,2023-05-16,Shane Livensparger
LAD,2023-05-17,Dan Bellino
LAD,2023-05-29,Todd Tichenor
LAD,2023-05-30,Brian Knight
LAD,2023-05-31,Alex Tosi
LAD,2023-06-02,Hunter Wendelstedt
LAD,2023-06-03,John Tumpane
LAD,2023-06-04,Ryan Blakney
LAD,2023-06-13,Brian O'Nora
LAD,2023-06-14,Pat Hoberg
LAD,2023-06-15,Jacob Metz
LAD,2023-06-16,Nate Tomlinson
LAD,2023-06-17,Chris Segal
LAD,2023-06-18,David Rackley
LAD,2023-06-23,Jose Navas
LAD,2023-06-24,Manny Gonzalez
LAD,2023-06-25,Quinn Wolcott
LAD,2023-07-03,James Hoye
LAD,2023-07-04,D.J. Reyburn
LAD,2023-07-05,Clint Vondrak
LAD,2023-07-06,John Libka
LAD,2023-07-07,Brian Walsh
LAD,2023-07-08,Will Little
LAD,2023-07-24,Chris Segal
LAD,2023-07-25,CB Bucknor
LAD,2023-07-26,Ben May
LAD,2023-07-28,Marvin Hudson
LAD,2023-07-29,Hunter Wendelstedt
LAD,2023-07-30,John Tumpane
LAD,2023-08-01,Ryan Additon
LAD,2023-08-02,Will Little
LAD,2023-08-03,Lance Barksdale
LAD,2023-08-10,Erich Bacchus
LAD,2023-08-11,Laz Diaz
LAD,2023-08-12,Mike Estabrook
LAD,2023-08-13,Andy Fletcher
LAD,2023-08-15,Will Little
LAD,2023-08-16,Dan Merzel
LAD,2023-08-17,Chris Guccione
LAD,2023-08-18,Ramon D
LAD,2023-08-28,Chris Guccione
LAD,2023-08-29,Brian Knight
LAD,2023-08-30,Alex Tosi
LAD,2023-08-31,Dan Bellino
LAD,2023-09-01,Phil Cuzzi
LAD,2023-09-02,Mark Ripperger
LAD,2023-09-03,Shane Livensparger
LAD,2023-09-11,Cory Blaser
LAD,2023-09-12,Jeremy Riggs
LAD,2023-09-13,Ron Kulpa
LAD,2023-09-18,Mark Ripperger
LAD,2023-09-19,David Arrieta
LAD,2023-09-20,Dan Bellino
LAD,2023-09-21,Erich Bacchus
LAD,2023-09-22,Laz Diaz
LAD,2023-09-23,Mike Estabrook
LAD,2023-09-24,Andy Fletcher
MIA,2023-03-30,Larry Vanover
MIA,2023-03-31,Chris Guccione
MIA,2023-04-01,David Rackley
MIA,2023-04-02,Edwin Moscoso
MIA,2023-04-03,Mike Estabrook
MIA,2023-04-04,Laz Diaz
MIA,2023-04-05,Andy Fletcher
MIA,2023-04-14,Jeremie Rehak
MIA,2023-04-15,Paul Emmel
MIA,2023-04-16,Chad Fairchild
MIA,2023-04-17,Doug Eddings
MIA,2023-04-18,Lance Barrett
MIA,2023-04-19,Charlie Ramos
MIA,2023-04-28,Roberto Ortiz
MIA,2023-04-29,Rob Drake
MIA,2023-04-30,Bill Miller
MIA,2023-05-02,Lance Barrett
MIA,2023-05-03,Charlie Ramos
MIA,2023-05-04,Ramon D
MIA,2023-05-12,Carlos Torres
MIA,2023-05-13,Jansen Visconti
MIA,2023-05-14,Cory Blaser
MIA,2023-05-16,Mark Carlson
MIA,2023-05-17,Tripp Gibson
MIA,2023-05-18,Jordan Baker
MIA,2023-05-30,Jordan Baker
MIA,2023-05-31,Brennan Miller
MIA,2023-06-01,Nate Tomlinson
MIA,2023-06-02,Lance Barrett
MIA,2023-06-03,Doug Eddings
MIA,2023-06-04,Alfonso Márquez
MIA,2023-06-05,Roberto Ortiz
MIA,2023-06-06,Chad Whitson
MIA,2023-06-07,Rob Drake
MIA,2023-06-19,Vic Carapazza
MIA,2023-06-20,Tom Hanahan
MIA,2023-06-21,Nick Mahrley
MIA,2023-06-22,Edwin Jimenez
MIA,2023-06-23,Alex Tosi
MIA,2023-06-24,Todd Tichenor
MIA,2023-06-25,Tony Randazzo
MIA,2023-07-03,CB Bucknor
MIA,2023-07-04,Ben May
MIA,2023-07-05,Jeff Nelson
MIA,2023-07-06,Ryan Wills
MIA,2023-07-07,Chris Guccione
MIA,2023-07-08,Nate Tomlinson
MIA,2023-07-09,Edwin Moscoso
MIA,2023-07-21,Ryan Wills
MIA,2023-07-22,Mike Estabrook
MIA,2023-07-23,Andy Fletcher
MIA,2023-07-28,Cory Blaser
MIA,2023-07-29,Jansen Visconti
MIA,2023-07-30,Carlos Torres
MIA,2023-07-31,Mark Ripperger
MIA,2023-08-01,Shane Livensparger
MIA,2023-08-02,Dan Bellino
MIA,2023-08-03,Phil Cuzzi
MIA,2023-08-11,D.J. Reyburn
MIA,2023-08-12,Angel Hernandez
MIA,2023-08-13,James Hoye
MIA,2023-08-14,Manny Gonzalez
MIA,2023-08-15,Junior Valentine
MIA,2023-08-16,Quinn Wolcott
MIA,2023-08-25,Brian O'Nora
MIA,2023-08-26,Pat Hoberg
MIA,2023-08-27,Tom Hanahan
MIA,2023-08-29,Will Little
MIA,2023-08-30,Ryan Additon
MIA,2023-09-05,D.J. Reyburn
MIA,2023-09-06,Angel Hernandez
MIA,2023-09-07,James Hoye
MIA,2023-09-15,Charlie Ramos
MIA,2023-09-16,Adrian Johnson
MIA,2023-09-17,Quinn Wolcott
MIA,2023-09-18,Nestor Ceja
MIA,2023-09-19,Brian O'Nora
MIA,2023-09-20,Chris Segal
MIA,2023-09-22,Roberto Ortiz
MIA,2023-09-23,Bill Miller
MIA,2023-09-24,Lance Barrett
MIL,2023-04-03,Alan Porter
MIL,2023-04-04,Jim Wolf
MIL,2023-04-05,Mike Muchlinski
MIL,2023-04-07,Adam Hamari
MIL,2023-04-08,Jerry Layne
MIL,2023-04-09,Vic Carapazza
MIL,2023-04-21,Alfonso Márquez
MIL,2023-04-22,Doug Eddings
MIL,2023-04-23,Lance Barrett
MIL,2023-04-24,Marvin Hudson
MIL,2023-04-25,Hunter Wendelstedt
MIL,2023-04-26,John Tumpane
MIL,2023-04-28,Scott Barry
MIL,2023-04-29,Adam Beck
MIL,2023-04-30,Clint Vondrak
MIL,2023-05-08,Alfonso Márquez
MIL,2023-05-09,Ramon D
MIL,2023-05-10,Doug Eddings
MIL,2023-05-12,Mark Carlson
MIL,2023-05-13,Tripp Gibson
MIL,2023-05-14,Brennan Miller
MIL,2023-05-22,Dan Bellino
MIL,2023-05-23,Ryan Wills
MIL,2023-05-24,Mark Ripperger
MIL,2023-05-25,Charlie Ramos
MIL,2023-05-26,Jeremie Rehak
MIL,2023-05-27,Chad Fairchild
MIL,2023-05-28,Nic Lentz
MIL,2023-06-06,Marvin Hudson
MIL,2023-06-07,Hunter Wendelstedt
MIL,2023-06-08,Brian Walsh
MIL,2023-06-09,Ben May
MIL,2023-06-10,Jeff Nelson
MIL,2023-06-11,Tom Hanahan
MIL,2023-06-16,Ramon D
MIL,2023-06-17,Lance Barrett
MIL,2023-06-18,Doug Eddings
MIL,2023-06-19,Bruce Dreckman
MIL,2023-06-20,Stu Scheurwater
MIL,2023-06-21,Derek Thomas
MIL,2023-07-03,Jeremy Riggs
MIL,2023-07-04,Erich Bacchus
MIL,2023-07-05,Andy Fletcher
MIL,2023-07-06,Mike Estabrook
MIL,2023-07-07,Ryan Blakney
MIL,2023-07-08,John Tumpane
MIL,2023-07-09,David Rackley
MIL,2023-07-21,Mark Wegner
MIL,2023-07-22,Malachi Moore
MIL,2023-07-23,Bruce Dreckman
MIL,2023-07-24,Junior Valentine
MIL,2023-07-25,Manny Gonzalez
MIL,2023-07-26,Adrian Johnson
MIL,2023-08-03,Chris Guccione
MIL,2023-08-04,Edwin Moscoso
MIL,2023-08-05,David Rackley
MIL,2023-08-06,Nate Tomlinson
MIL,2023-08-07,Malachi Moore
MIL,2023-08-08,Bruce Dreckman
MIL,2023-08-09,John Tumpane
MIL,2023-08-22,Jeff Nelson
MIL,2023-08-23,Chris Segal
MIL,2023-08-25,Dan Merzel
MIL,2023-08-26,Lance Barksdale
MIL,2023-08-27,Ramon D
MIL,2023-09-01,John Tumpane
MIL,2023-09-02,Hunter Wendelstedt
MIL,2023-09-03,Cory Blaser
MIL,2023-09-11,Mark Carlson
MIL,2023-09-12,Jordan Baker
MIL,2023-09-13,Alex MacKay
MIL,2023-09-14,Brennan Miller
MIL,2023-09-15,Brian O'Nora
MIL,2023-09-16,Tom Hanahan
MIL,2023-09-17,Pat Hoberg
MIL,2023-09-26,Cory Blaser
MIL,2023-09-27,Jeremy Riggs
MIL,2023-09-28,Carlos Torres
MIL,2023-09-29,Mark Wegner
MIL,2023-09-30,Malachi Moore
MIL,2023-10-01,Bruce Dreckman
MIN,2023-04-07,Tripp Gibson
MIN,2023-04-08,Brennan Miller
MIN,2023-04-09,Mark Carlson
MIN,2023-04-10,Mike Muchlinski
MIN,2023-04-11,Sean Barber
MIN,2023-04-12,Alan Porter
MIN,2023-04-21,Brian O'Nora
MIN,2023-04-22,Pat Hoberg
MIN,2023-04-23,Nestor Ceja
MIN,2023-04-24,Rob Drake
MIN,2023-04-25,Bill Miller
MIN,2023-04-26,Chad Whitson
MIN,2023-04-27,Nick Mahrley
MIN,2023-04-28,Jerry Layne
MIN,2023-04-29,Brock Ballou
MIN,2023-04-30,Vic Carapazza
MIN,2023-05-09,Tripp Gibson
MIN,2023-05-10,Brennan Miller
MIN,2023-05-11,Brock Ballou
MIN,2023-05-12,Pat Hoberg
MIN,2023-05-13,Emil Jimenez
MIN,2023-05-14,Chris Segal
MIN,2023-05-22,Alex Tosi
MIN,2023-05-23,Tony Randazzo
MIN,2023-05-24,Todd Tichenor
MIN,2023-05-26,Bruce Dreckman
MIN,2023-05-27,Stu Scheurwater
MIN,2023-05-28,Malachi Moore
MIN,2023-06-01,Ryan Additon
MIN,2023-06-02,Dan Merzel
MIN,2023-06-03,Lance Barksdale
MIN,2023-06-04,Will Little
MIN,2023-06-13,Mark Ripperger
MIN,2023-06-14,Dan Bellino
MIN,2023-06-15,Adam Beck
MIN,2023-06-16,Dan Iassogna
MIN,2023-06-17,Ryan Wills
MIN,2023-06-18,Gabe Morales
MIN,2023-06-19,Edwin Moscoso
MIN,2023-06-20,Nate Tomlinson
MIN,2023-06-21,David Rackley
MIN,2023-06-22,Chris Guccione
MIN,2023-07-03,Shane Livensparger
MIN,2023-07-04,Mark Ripperger
MIN,2023-07-05,Phil Cuzzi
MIN,2023-07-07,Mike Muchlinski
MIN,2023-07-08,Ben May
MIN,2023-07-09,Jeff Nelson
MIN,2023-07-21,D.J. Reyburn
MIN,2023-07-22,Clint Vondrak
MIN,2023-07-23,John Libka
MIN,2023-07-24,Rob Drake
MIN,2023-07-25,Bill Miller
MIN,2023-07-26,Chad Whitson
MIN,2023-08-04,Vic Carapazza
MIN,2023-08-05,Emil Jimenez
MIN,2023-08-06,Adam Hamari
MIN,2023-08-15,Clint Vondrak
MIN,2023-08-16,Gabe Morales
MIN,2023-08-18,Andy Fletcher
MIN,2023-08-19,Erich Bacchus
MIN,2023-08-20,Laz Diaz
MIN,2023-08-24,Cory Blaser
MIN,2023-08-25,Carlos Torres
MIN,2023-08-26,Jansen Visconti
MIN,2023-08-27,John Bacon
MIN,2023-08-28,Hunter Wendelstedt
MIN,2023-08-29,Derek Thomas
MIN,2023-08-30,Jose Navas
MIN,2023-09-08,Cory Blaser
MIN,2023-09-09,Ron Kulpa
MIN,2023-09-10,Jansen Visconti
MIN,2023-09-11,Dan Iassogna
MIN,2023-09-12,Adam Beck
MIN,2023-09-13,Gabe Morales
MIN,2023-09-22,Charlie Ramos
MIN,2023-09-23,Chad Fairchild
MIN,2023-09-24,Phil Cuzzi
MIN,2023-09-26,Nestor Ceja
MIN,2023-09-27,Lance Barrett
MIN,2023-09-28,David Arrieta
NYM,2023-04-07,Chris Segal
NYM,2023-04-08,Ben May
NYM,2023-04-09,Jeff Nelson
NYM,2023-04-10,Lance Barksdale
NYM,2023-04-11,Will Little
NYM,2023-04-12,Ryan Additon
NYM,2023-04-25,Brennan Miller
NYM,2023-04-26,Mark Carlson
NYM,2023-04-27,Jordan Baker
NYM,2023-04-28,Quinn Wolcott
NYM,2023-05-05,John Tumpane
NYM,2023-05-06,Alex MacKay
NYM,2023-05-07,Marvin Hudson
NYM,2023-05-16,Ben May
NYM,2023-05-17,Jeff Nelson
NYM,2023-05-18,CB Bucknor
NYM,2023-05-19,Will Little
NYM,2023-05-30,Edwin Moscoso
NYM,2023-05-31,Chris Guccione
NYM,2023-06-01,Tripp Gibson
NYM,2023-06-02,Nic Lentz
NYM,2023-06-03,Charlie Ramos
NYM,2023-06-04,Jeremie Rehak
NYM,2023-06-13,Rob Drake
NYM,2023-06-14,Bill Miller
NYM,2023-06-16,Phil Cuzzi
NYM,2023-06-17,Shane Livensparger
NYM,2023-06-18,Dan Merzel
NYM,2023-06-26,Jansen Visconti
NYM,2023-06-27,Edwin Jimenez
NYM,2023-06-28,Carlos Torres
NYM,2023-06-29,Ron Kulpa
NYM,2023-06-30,Bruce Dreckman
NYM,2023-07-01,Malachi Moore
NYM,2023-07-02,Stu Scheurwater
NYM,2023-07-14,Tony Randazzo
NYM,2023-07-15,Alex Tosi
NYM,2023-07-16,Brian Knight
NYM,2023-07-18,Mike Estabrook
NYM,2023-07-19,Andy Fletcher
NYM,2023-07-20,Erich Bacchus
NYM,2023-07-27,Emil Jimenez
NYM,2023-07-28,Adam Hamari
NYM,2023-07-29,Nick Mahrley
NYM,2023-07-30,Vic Carapazza
NYM,2023-08-07,Ramon D
NYM,2023-08-08,Lance Barrett
NYM,2023-08-09,Ryan Wills
NYM,2023-08-11,Jordan Baker
NYM,2023-08-13,Tripp Gibson
NYM,2023-08-14,Phil Cuzzi
NYM,2023-08-15,Mark Ripperger
NYM,2023-08-16,Shane Livensparger
NYM,2023-08-25,Jeremie Rehak
NYM,2023-08-26,Chad Fairchild
NYM,2023-08-27,Nic Lentz
NYM,2023-08-28,Alan Porter
NYM,2023-08-29,Jim Wolf
NYM,2023-08-30,Nate Tomlinson
NYM,2023-09-01,Vic Carapazza
NYM,2023-09-02,Adam Hamari
NYM,2023-09-03,Nick Mahrley
NYM,2023-09-11,Roberto Ortiz
NYM,2023-09-12,Rob Drake
NYM,2023-09-13,Tripp Gibson
NYM,2023-09-14,Bill Miller
NYM,2023-09-15,David Rackley
NYM,2023-09-16,Larry Vanover
NYM,2023-09-17,Edwin Moscoso
NYM,2023-09-28,Emil Jimenez
NYM,2023-10-01,Adrian Johnson
NYY,2023-03-30,Laz Diaz
NYY,2023-04-01,Andy Fletcher
NYY,2023-04-02,Erich Bacchus
NYY,2023-04-03,Paul Emmel
NYY,2023-04-04,Chad Fairchild
NYY,2023-04-05,Nic Lentz
NYY,2023-04-13,D.J. Reyburn
NYY,2023-04-14,John Libka
NYY,2023-04-15,Nate Tomlinson
NYY,2023-04-16,James Hoye
NYY,2023-04-18,Dan Merzel
NYY,2023-04-19,Lance Barksdale
NYY,2023-04-20,Will Little
NYY,2023-04-21,Adrian Johnson
NYY,2023-04-22,Manny Gonzalez
NYY,2023-04-23,Quinn Wolcott
NYY,2023-05-01,Carlos Torres
NYY,2023-05-02,Jansen Visconti
NYY,2023-05-03,Cory Blaser
NYY,2023-05-08,Mike Estabrook
NYY,2023-05-09,Andy Fletcher
NYY,2023-05-10,Erich Bacchus
NYY,2023-05-11,Alan Porter
NYY,2023-05-12,Nate Tomlinson
NYY,2023-05-13,Sean Barber
NYY,2023-05-14,Mike Muchlinski
NYY,2023-05-23,David Rackley
NYY,2023-05-24,Edwin Jimenez
NYY,2023-05-25,Edwin Moscoso
NYY,2023-05-26,Chad Whitson
NYY,2023-05-27,Rob Drake
NYY,2023-05-28,Bill Miller
NYY,2023-06-06,Ryan Additon
NYY,2023-06-09,Jeremy Riggs
NYY,2023-06-10,Brian Knight
NYY,2023-06-11,Alex Tosi
NYY,2023-06-20,Dan Bellino
NYY,2023-06-21,Phil Cuzzi
NYY,2023-06-22,Shane Livensparger
NYY,2023-06-23,Andy Fletcher
NYY,2023-06-24,Carlos Torres
NYY,2023-06-25,John Bacon
NYY,2023-07-03,Tom Hanahan
NYY,2023-07-04,Gabe Morales
NYY,2023-07-05,Adam Beck
NYY,2023-07-06,Dan Iassogna
NYY,2023-07-07,Sean Barber
NYY,2023-07-08,Alan Porter
NYY,2023-07-09,Alex MacKay
NYY,2023-07-21,Brennan Miller
NYY,2023-07-22,Lance Barrett
NYY,2023-07-23,Mark Carlson
NYY,2023-07-25,Alfonso Márquez
NYY,2023-07-26,Doug Eddings
NYY,2023-07-31,Stu Scheurwater
NYY,2023-08-01,Mark Wegner
NYY,2023-08-02,Malachi Moore
NYY,2023-08-03,Todd Tichenor
NYY,2023-08-04,Tony Randazzo
NYY,2023-08-05,Alex Tosi
NYY,2023-08-06,Angel Hernandez
NYY,2023-08-18,Manny Gonzalez
NYY,2023-08-19,Charlie Ramos
NYY,2023-08-20,Junior Valentine
NYY,2023-08-22,Lance Barksdale
NYY,2023-08-23,Ramon D
NYY,2023-08-24,Will Little
NYY,2023-09-05,Sean Barber
NYY,2023-09-06,Mike Muchlinski
NYY,2023-09-07,Alan Porter
NYY,2023-09-08,John Libka
NYY,2023-09-09,D.J. Reyburn
NYY,2023-09-10,Angel Hernandez
NYY,2023-09-19,Bill Miller
NYY,2023-09-20,Lance Barrett
NYY,2023-09-21,John Bacon
NYY,2023-09-22,Nick Mahrley
NYY,2023-09-24,Adam Hamari
NYY,2023-09-25,Quinn Wolcott
OAK,2023-03-30,Adrian Johnson
OAK,2023-04-01,Manny Gonzalez
OAK,2023-04-02,Quinn Wolcott
OAK,2023-04-03,Alfonso Márquez
OAK,2023-04-04,Doug Eddings
OAK,2023-04-05,Lance Barrett
OAK,2023-04-14,Dan Iassogna
OAK,2023-04-15,Scott Barry
OAK,2023-04-16,Clint Vondrak
OAK,2023-04-17,Vic Carapazza
OAK,2023-04-18,Nick Mahrley
OAK,2023-04-19,Adam Hamari
OAK,2023-04-28,James Hoye
OAK,2023-04-29,D.J. Reyburn
OAK,2023-04-30,John Libka
OAK,2023-05-02,Brian O'Nora
OAK,2023-05-03,Nestor Ceja
OAK,2023-05-04,Emil Jimenez
OAK,2023-05-11,Phil Cuzzi
OAK,2023-05-12,Mark Ripperger
OAK,2023-05-13,Shane Livensparger
OAK,2023-05-14,Dan Bellino
OAK,2023-05-15,Hunter Wendelstedt
OAK,2023-05-16,Brock Ballou
OAK,2023-05-17,Ryan Blakney
OAK,2023-05-26,Brian Knight
OAK,2023-05-27,Alex Tosi
OAK,2023-05-28,Tony Randazzo
OAK,2023-05-29,Mark Ripperger
OAK,2023-05-30,Dan Bellino
OAK,2023-05-31,Phil Cuzzi
OAK,2023-06-12,Manny Gonzalez
OAK,2023-06-13,Quinn Wolcott
OAK,2023-06-14,Alex MacKay
OAK,2023-06-15,Adrian Johnson
OAK,2023-06-16,Brennan Miller
OAK,2023-06-17,Jordan Baker
OAK,2023-06-18,Tripp Gibson
OAK,2023-06-27,Chris Guccione
OAK,2023-06-28,Edwin Moscoso
OAK,2023-06-29,Nate Tomlinson
OAK,2023-06-30,Tripp Gibson
OAK,2023-07-01,Mark Carlson
OAK,2023-07-02,Brennan Miller
OAK,2023-07-14,Nic Lentz
OAK,2023-07-15,Jeremie Rehak
OAK,2023-07-16,Chad Fairchild
OAK,2023-07-17,Emil Jimenez
OAK,2023-07-18,Adam Hamari
OAK,2023-07-19,Nick Mahrley
OAK,2023-07-20,Hunter Wendelstedt
OAK,2023-07-21,John Tumpane
OAK,2023-07-22,Ryan Blakney
OAK,2023-07-23,Marvin Hudson
OAK,2023-08-05,Dan Merzel
OAK,2023-08-06,Ryan Additon
OAK,2023-08-07,Adam Beck
OAK,2023-08-08,Dan Iassogna
OAK,2023-08-09,John Bacon
OAK,2023-08-18,Emil Jimenez
OAK,2023-08-19,Brian Knight
OAK,2023-08-20,Todd Tichenor
OAK,2023-08-21,Chad Fairchild
OAK,2023-08-22,Nic Lentz
OAK,2023-08-23,Paul Clemons
OAK,2023-09-01,Chad Whitson
OAK,2023-09-02,Roberto Ortiz
OAK,2023-09-03,Rob Drake
OAK,2023-09-04,Dan Bellino
OAK,2023-09-05,Phil Cuzzi
OAK,2023-09-06,Mark Ripperger
OAK,2023-09-15,Dan Iassogna
OAK,2023-09-16,David Arrieta
OAK,2023-09-17,Alex MacKay
OAK,2023-09-18,Carlos Torres
OAK,2023-09-19,Ron Kulpa
OAK,2023-09-20,Jansen Visconti
OAK,2023-09-21,Dan Merzel
OAK,2023-09-22,Todd Tichenor
OAK,2023-09-23,Brian Walsh
OAK,2023-09-24,Brian Knight
PHI,2023-04-07,Sean Barber
PHI,2023-04-08,Alan Porter
PHI,2023-04-09,Jim Wolf
PHI,2023-04-10,John Libka
PHI,2023-04-11,Nate Tomlinson
PHI,2023-04-12,James Hoye
PHI,2023-04-20,Brian Knight
PHI,2023-04-21,Alex Tosi
PHI,2023-04-22,Tony Randazzo
PHI,2023-04-23,Todd Tichenor
PHI,2023-04-25,Laz Diaz
PHI,2023-04-26,Ryan Wills
PHI,2023-04-27,Andy Fletcher
PHI,2023-05-05,Doug Eddings
PHI,2023-05-06,Lance Barrett
PHI,2023-05-07,Charlie Ramos
PHI,2023-05-09,Jeremie Rehak
PHI,2023-05-10,Chad Fairchild
PHI,2023-05-19,Andy Fletcher
PHI,2023-05-20,Erich Bacchus
PHI,2023-05-21,Laz Diaz
PHI,2023-05-22,Manny Gonzalez
PHI,2023-05-23,Quinn Wolcott
PHI,2023-05-24,Junior Valentine
PHI,2023-06-05,Junior Valentine
PHI,2023-06-06,Adrian Johnson
PHI,2023-06-08,Manny Gonzalez
PHI,2023-06-09,Bill Miller
PHI,2023-06-10,Roberto Ortiz
PHI,2023-06-11,Chad Whitson
PHI,2023-06-20,Alfonso Márquez
PHI,2023-06-22,Ramon D
PHI,2023-06-23,Mike Estabrook
PHI,2023-06-24,Brian Walsh
PHI,2023-06-25,Erich Bacchus
PHI,2023-06-30,Jansen Visconti
PHI,2023-07-01,Edwin Jimenez
PHI,2023-07-02,Carlos Torres
PHI,2023-07-14,Dan Bellino
PHI,2023-07-16,Brock Ballou
PHI,2023-07-18,Lance Barrett
PHI,2023-07-19,Derek Thomas
PHI,2023-07-20,Jordan Baker
PHI,2023-07-24,Will Little
PHI,2023-07-25,Lance Barksdale
PHI,2023-07-26,Dan Merzel
PHI,2023-08-04,CB Bucknor
PHI,2023-08-05,Ben May
PHI,2023-08-06,Jeff Nelson
PHI,2023-08-09,Brennan Miller
PHI,2023-08-10,Tripp Gibson
PHI,2023-08-11,Stu Scheurwater
PHI,2023-08-12,Malachi Moore
PHI,2023-08-13,Alex MacKay
PHI,2023-08-21,Adam Hamari
PHI,2023-08-22,Nick Mahrley
PHI,2023-08-23,Jacob Metz
PHI,2023-08-25,Stu Scheurwater
PHI,2023-08-26,Mark Wegner
PHI,2023-08-27,Malachi Moore
PHI,2023-08-28,Erich Bacchus
PHI,2023-08-29,Laz Diaz
PHI,2023-08-30,Mike Estabrook
PHI,2023-09-08,Nate Tomlinson
PHI,2023-09-09,Sean Barber
PHI,2023-09-10,Mike Muchlinski
PHI,2023-09-12,Edwin Moscoso
PHI,2023-09-13,D.J. Reyburn
PHI,2023-09-21,Marvin Hudson
PHI,2023-09-22,Ryan Blakney
PHI,2023-09-23,Doug Eddings
PHI,2023-09-24,Edwin Jimenez
PHI,2023-09-26,D.J. Reyburn
PHI,2023-09-27,Angel Hernandez
PHI,2023-09-28,James Hoye
PIT,2023-04-07,Ryan Wills
PIT,2023-04-08,Mike Estabrook
PIT,2023-04-09,Laz Diaz
PIT,2023-04-10,Nick Mahrley
PIT,2023-04-11,Adam Hamari
PIT,2023-04-12,Jerry Layne
PIT,2023-04-20,Carlos Torres
PIT,2023-04-21,Jansen Visconti
PIT,2023-04-22,Cory Blaser
PIT,2023-04-23,Emil Jimenez
PIT,2023-04-25,Ben May
PIT,2023-04-26,Jeff Nelson
PIT,2023-04-27,CB Bucknor
PIT,2023-05-05,Clint Vondrak
PIT,2023-05-06,Carlos Torres
PIT,2023-05-07,Jansen Visconti
PIT,2023-05-08,Nate Tomlinson
PIT,2023-05-09,Sean Barber
PIT,2023-05-10,Mike Muchlinski
PIT,2023-05-19,Chris Segal
PIT,2023-05-20,Ben May
PIT,2023-05-21,Jeff Nelson
PIT,2023-05-22,Nate Tomlinson
PIT,2023-05-23,Adam Beck
PIT,2023-05-24,Dan Iassogna
PIT,2023-06-02,Mark Carlson
PIT,2023-06-03,Brennan Miller
PIT,2023-06-04,Jacob Metz
PIT,2023-06-05,Jansen Visconti
PIT,2023-06-06,Nate Tomlinson
PIT,2023-06-07,Edwin Moscoso
PIT,2023-06-09,Lance Barksdale
PIT,2023-06-10,Ryan Additon
PIT,2023-06-11,Dan Merzel
PIT,2023-06-19,Adam Beck
PIT,2023-06-20,Dan Iassogna
PIT,2023-06-21,Ryan Wills
PIT,2023-06-27,Jeremie Rehak
PIT,2023-06-28,Chad Fairchild
PIT,2023-06-29,Nic Lentz
PIT,2023-06-30,Quinn Wolcott
PIT,2023-07-01,Junior Valentine
PIT,2023-07-02,Mike Muchlinski
PIT,2023-07-14,Jordan Baker
PIT,2023-07-15,Brennan Miller
PIT,2023-07-16,Jansen Visconti
PIT,2023-07-17,Manny Gonzalez
PIT,2023-07-18,Adrian Johnson
PIT,2023-07-19,Jeremy Riggs
PIT,2023-07-28,Nestor Ceja
PIT,2023-07-29,Brian O'Nora
PIT,2023-07-30,Edwin Jimenez
PIT,2023-08-01,Chad Whitson
PIT,2023-08-02,Roberto Ortiz
PIT,2023-08-07,Jim Wolf
PIT,2023-08-08,Jeremy Riggs
PIT,2023-08-09,Mike Muchlinski
PIT,2023-08-10,Alan Porter
PIT,2023-08-11,Chad Fairchild
PIT,2023-08-21,Jordan Baker
PIT,2023-08-22,Brennan Miller
PIT,2023-08-23,Tripp Gibson
PIT,2023-08-24,Vic Carapazza
PIT,2023-08-25,Adam Hamari
PIT,2023-08-26,Nick Mahrley
PIT,2023-08-27,Jacob Metz
PIT,2023-09-04,Jeff Nelson
PIT,2023-09-05,Chris Segal
PIT,2023-09-06,CB Bucknor
PIT,2023-09-11,James Hoye
PIT,2023-09-12,John Libka
PIT,2023-09-13,Derek Thomas
PIT,2023-09-14,Angel Hernandez
PIT,2023-09-15,John Tumpane
PIT,2023-09-16,Ryan Blakney
PIT,2023-09-17,Hunter Wendelstedt
PIT,2023-09-29,Charlie Ramos
PIT,2023-09-30,Chad Fairchild
PIT,2023-10-01,Nic Lentz
SD,2023-03-30,Chris Conroy
SD,2023-03-31,Brian O'Nora
SD,2023-04-01,Pat Hoberg
SD,2023-04-02,Nestor Ceja
SD,2023-04-03,Jansen Visconti
SD,2023-04-04,Ron Kulpa
SD,2023-04-13,Mark Ripperger
SD,2023-04-14,Shane Livensparger
SD,2023-04-15,Dan Bellino
SD,2023-04-16,Phil Cuzzi
SD,2023-04-17,Bill Miller
SD,2023-04-18,Chad Whitson
SD,2023-04-19,Roberto Ortiz
SD,2023-04-29,Alfonso Márquez
SD,2023-04-30,Pat Hoberg
SD,2023-05-01,Chad Fairchild
SD,2023-05-02,Nic Lentz
SD,2023-05-03,Jeremie Rehak
SD,2023-05-05,John Libka
SD,2023-05-06,Edwin Jimenez
SD,2023-05-07,James Hoye
SD,2023-05-15,Lance Barrett
SD,2023-05-16,Charlie Ramos
SD,2023-05-17,Alfonso Márquez
SD,2023-05-19,Stu Scheurwater
SD,2023-05-20,Malachi Moore
SD,2023-05-21,Mark Wegner
SD,2023-06-02,Ryan Wills
SD,2023-06-03,Mark Ripperger
SD,2023-06-04,Shane Livensparger
SD,2023-06-05,Phil Cuzzi
SD,2023-06-06,Alex Tosi
SD,2023-06-07,Tony Randazzo
SD,2023-06-13,Chris Segal
SD,2023-06-14,David Rackley
SD,2023-06-15,Edwin Moscoso
SD,2023-06-16,Alan Porter
SD,2023-06-17,Jim Wolf
SD,2023-06-18,Mike Muchlinski
SD,2023-06-23,John Libka
SD,2023-06-24,James Hoye
SD,2023-06-25,D.J. Reyburn
SD,2023-07-03,Vic Carapazza
SD,2023-07-04,Nick Mahrley
SD,2023-07-05,Jerry Layne
SD,2023-07-07,James Hoye
SD,2023-07-08,D.J. Reyburn
SD,2023-07-09,Clint Vondrak
SD,2023-07-24,Hunter Wendelstedt
SD,2023-07-25,John Tumpane
SD,2023-07-26,Paul Clemons
SD,2023-07-28,Ryan Blakney
SD,2023-07-29,James Hoye
SD,2023-07-30,D.J. Reyburn
SD,2023-08-04,Dan Iassogna
SD,2023-08-05,John Bacon
SD,2023-08-06,Gabe Morales
SD,2023-08-07,Paul Clemons
SD,2023-08-14,Erich Bacchus
SD,2023-08-15,Laz Diaz
SD,2023-08-16,Mike Estabrook
SD,2023-08-17,Nate Tomlinson
SD,2023-08-18,Edwin Moscoso
SD,2023-08-21,Alex Tosi
SD,2023-08-22,Emil Jimenez
SD,2023-08-23,Chris Guccione
SD,2023-08-31,Doug Eddings
SD,2023-09-01,Lance Barrett
SD,2023-09-02,Ryan Blakney
SD,2023-09-03,Ryan Wills
SD,2023-09-04,Pat Hoberg
SD,2023-09-05,Tom Hanahan
SD,2023-09-06,Nestor Ceja
SD,2023-09-18,Todd Tichenor
SD,2023-09-19,Brian Walsh
SD,2023-09-20,Brian Knight
SD,2023-09-22,Derek Thomas
SD,2023-09-23,CB Bucknor
SD,2023-09-24,Ben May
SF,2023-04-07,Clint Vondrak
SF,2023-04-08,Adam Beck
SF,2023-04-09,Dan Iassogna
SF,2023-04-10,Todd Tichenor
SF,2023-04-11,Brian Knight
SF,2023-04-12,Alex Tosi
SF,2023-04-20,Rob Drake
SF,2023-04-21,Bill Miller
SF,2023-04-22,Chad Whitson
SF,2023-04-23,Roberto Ortiz
SF,2023-04-24,Nic Lentz
SF,2023-04-25,Jeremie Rehak
SF,2023-04-26,Paul Emmel
SF,2023-04-27,Chad Fairchild
SF,2023-05-05,Chris Guccione
SF,2023-05-06,David Rackley
SF,2023-05-07,Jeremy Riggs
SF,2023-05-08,Emil Jimenez
SF,2023-05-09,Chris Segal
SF,2023-05-10,Brian O'Nora
SF,2023-05-15,Roberto Ortiz
SF,2023-05-16,Jeremy Riggs
SF,2023-05-17,Rob Drake
SF,2023-05-19,Marvin Hudson
SF,2023-05-20,Hunter Wendelstedt
SF,2023-05-21,Brock Ballou
SF,2023-05-29,Mike Estabrook
SF,2023-05-30,Andy Fletcher
SF,2023-05-31,Erich Bacchus
SF,2023-06-02,Nick Mahrley
SF,2023-06-03,Vic Carapazza
SF,2023-06-04,Jerry Layne
SF,2023-06-09,Pat Hoberg
SF,2023-06-10,Jacob Metz
SF,2023-06-11,Nestor Ceja
SF,2023-06-19,Adrian Johnson
SF,2023-06-20,Manny Gonzalez
SF,2023-06-21,Quinn Wolcott
SF,2023-06-22,Junior Valentine
SF,2023-06-23,Jim Wolf
SF,2023-06-24,Mike Muchlinski
SF,2023-06-25,Sean Barber
SF,2023-07-03,Lance Barrett
SF,2023-07-04,Ramon D
SF,2023-07-05,Alfonso Márquez
SF,2023-07-07,Dan Bellino
SF,2023-07-08,Shane Livensparger
SF,2023-07-09,Mark Ripperger
SF,2023-07-25,Alan Porter
SF,2023-07-26,Jim Wolf
SF,2023-07-28,Quinn Wolcott
SF,2023-07-29,Junior Valentine
SF,2023-07-30,Manny Gonzalez
SF,2023-07-31,Dan Iassogna
SF,2023-08-01,John Bacon
SF,2023-08-02,Gabe Morales
SF,2023-08-03,Adam Beck
SF,2023-08-11,Dan Merzel
SF,2023-08-12,Ryan Additon
SF,2023-08-13,Doug Eddings
SF,2023-08-14,Bill Miller
SF,2023-08-15,Chad Whitson
SF,2023-08-16,Roberto Ortiz
SF,2023-08-25,Todd Tichenor
SF,2023-08-26,Alex Tosi
SF,2023-08-27,Emil Jimenez
SF,2023-08-28,Roberto Ortiz
SF,2023-08-29,Rob Drake
SF,2023-08-30,Bill Miller
SF,2023-09-08,Shane Livensparger
SF,2023-09-09,Dan Bellino
SF,2023-09-10,Phil Cuzzi
SF,2023-09-11,Malachi Moore
SF,2023-09-12,Bruce Dreckman
SF,2023-09-13,Stu Scheurwater
SF,2023-09-25,Mark Carlson
SF,2023-09-26,Tripp Gibson
SF,2023-09-27,Brennan Miller
SF,2023-09-29,Chris Segal
SF,2023-09-30,Nestor Ceja
SF,2023-10-01,Lance Barrett
SEA,2023-03-30,Mark Carlson
SEA,2023-03-31,Jordan Baker
SEA,2023-04-01,Tripp Gibson
SEA,2023-04-02,Brennan Miller
SEA,2023-04-03,Charlie Ramos
SEA,2023-04-04,Brian O'Nora
SEA,2023-04-05,Pat Hoberg
SEA,2023-04-14,Nick Mahrley
SEA,2023-04-15,Adam Hamari
SEA,2023-04-16,Brock Ballou
SEA,2023-04-17,Alan Porter
SEA,2023-04-18,Jim Wolf
SEA,2023-04-19,Mike Muchlinski
SEA,2023-04-21,Clint Vondrak
SEA,2023-04-22,Gabe Morales
SEA,2023-04-23,Dan Iassogna
SEA,2023-05-05,Shane Livensparger
SEA,2023-05-06,Dan Bellino
SEA,2023-05-07,Phil Cuzzi
SEA,2023-05-08,Rob Drake
SEA,2023-05-09,Bill Miller
SEA,2023-05-10,Chad Whitson
SEA,2023-05-22,Ron Kulpa
SEA,2023-05-23,Carlos Torres
SEA,2023-05-24,Jansen Visconti
SEA,2023-05-25,Cory Blaser
SEA,2023-05-26,John Tumpane
SEA,2023-05-27,Ryan Blakney
SEA,2023-05-28,Marvin Hudson
SEA,2023-05-29,Ben May
SEA,2023-05-30,Brian Walsh
SEA,2023-05-31,CB Bucknor
SEA,2023-06-12,Jim Wolf
SEA,2023-06-13,Mike Muchlinski
SEA,2023-06-14,Sean Barber
SEA,2023-06-16,Manny Gonzalez
SEA,2023-06-17,Quinn Wolcott
SEA,2023-06-18,Alex MacKay
SEA,2023-06-26,Mark Carlson
SEA,2023-06-27,Brennan Miller
SEA,2023-06-28,Derek Thomas
SEA,2023-06-30,Jordan Baker
SEA,2023-07-01,Chris Guccione
SEA,2023-07-02,Edwin Moscoso
SEA,2023-07-14,Marvin Hudson
SEA,2023-07-15,Hunter Wendelstedt
SEA,2023-07-16,Alex MacKay
SEA,2023-07-17,Jim Wolf
SEA,2023-07-18,Mike Muchlinski
SEA,2023-07-19,Sean Barber
SEA,2023-07-20,Alan Porter
SEA,2023-07-21,Vic Carapazza
SEA,2023-07-22,Emil Jimenez
SEA,2023-07-23,Adam Hamari
SEA,2023-07-31,John Libka
SEA,2023-08-01,Clint Vondrak
SEA,2023-08-02,D.J. Reyburn
SEA,2023-08-08,Doug Eddings
SEA,2023-08-09,Lance Barksdale
SEA,2023-08-11,Gabe Morales
SEA,2023-08-12,Adam Beck
SEA,2023-08-13,Dan Iassogna
SEA,2023-08-25,Quinn Wolcott
SEA,2023-08-26,Ryan Wills
SEA,2023-08-27,Doug Eddings
SEA,2023-08-28,CB Bucknor
SEA,2023-08-29,Ben May
SEA,2023-08-30,Jeff Nelson
SEA,2023-09-11,Ryan Additon
SEA,2023-09-12,Lance Barksdale
SEA,2023-09-13,Ryan Wills
SEA,2023-09-15,Mark Wegner
SEA,2023-09-16,Malachi Moore
SEA,2023-09-17,Bruce Dreckman
SEA,2023-09-25,Chris Guccione
SEA,2023-09-26,David Rackley
SEA,2023-09-27,Larry Vanover
SEA,2023-09-28,Ryan Blakney
SEA,2023-09-29,Mark Carlson
SEA,2023-09-30,Tripp Gibson
SEA,2023-10-01,Brennan Miller
STL,2023-03-30,Dan Iassogna
STL,2023-04-01,Scott Barry
STL,2023-04-02,Gabe Morales
STL,2023-04-03,Tony Randazzo
STL,2023-04-04,Junior Valentine
STL,2023-04-05,Todd Tichenor
STL,2023-04-13,Dan Merzel
STL,2023-04-14,Lance Barksdale
STL,2023-04-15,Will Little
STL,2023-04-16,Ryan Additon
STL,2023-04-17,Manny Gonzalez
STL,2023-04-18,Quinn Wolcott
STL,2023-04-19,Junior Valentine
STL,2023-05-02,Alex MacKay
STL,2023-05-03,Marvin Hudson
STL,2023-05-04,Hunter Wendelstedt
STL,2023-05-05,Junior Valentine
STL,2023-05-06,Adrian Johnson
STL,2023-05-07,Quinn Wolcott
STL,2023-05-15,Malachi Moore
STL,2023-05-16,Mark Wegner
STL,2023-05-17,Bruce Dreckman
STL,2023-05-18,Jeremie Rehak
STL,2023-05-19,Chad Fairchild
STL,2023-05-20,Paul Emmel
STL,2023-05-21,Nic Lentz
STL,2023-05-29,Mark Wegner
STL,2023-05-30,Bruce Dreckman
STL,2023-06-09,Quinn Wolcott
STL,2023-06-10,Junior Valentine
STL,2023-06-11,Adrian Johnson
STL,2023-06-12,Dan Iassogna
STL,2023-06-13,Tripp Gibson
STL,2023-06-14,Gabe Morales
STL,2023-06-24,Adam Hamari
STL,2023-06-25,Scott Barry
STL,2023-06-27,Alan Porter
STL,2023-06-28,Jim Wolf
STL,2023-06-29,Emil Jimenez
STL,2023-07-02,Dan Merzel
STL,2023-07-14,Bill Miller
STL,2023-07-15,Brian Walsh
STL,2023-07-16,Roberto Ortiz
STL,2023-07-17,Todd Tichenor
STL,2023-07-18,Tony Randazzo
STL,2023-07-19,Alex Tosi
STL,2023-07-27,Ryan Additon
STL,2023-07-28,Will Little
STL,2023-07-29,Lance Barksdale
STL,2023-07-30,Dan Merzel
STL,2023-08-01,Ben May
STL,2023-08-02,Jeff Nelson
STL,2023-08-03,Chris Segal
STL,2023-08-04,Jordan Baker
STL,2023-08-05,Mark Carlson
STL,2023-08-06,Tripp Gibson
STL,2023-08-14,Edwin Moscoso
STL,2023-08-15,David Rackley
STL,2023-08-16,Larry Vanover
STL,2023-08-17,Marvin Hudson
STL,2023-08-18,Hunter Wendelstedt
STL,2023-08-19,John Tumpane
STL,2023-08-20,Ryan Blakney
STL,2023-08-28,Phil Cuzzi
STL,2023-08-29,Mark Ripperger
STL,2023-08-30,Shane Livensparger
STL,2023-09-01,Jansen Visconti
STL,2023-09-02,Emil Jimenez
STL,2023-09-03,Carlos Torres
STL,2023-09-15,Alex Tosi
STL,2023-09-16,Brian Knight
STL,2023-09-17,Dan Merzel
STL,2023-09-18,Nick Mahrley
STL,2023-09-19,Vic Carapazza
STL,2023-09-20,Adam Hamari
STL,2023-09-21,Clint Vondrak
STL,2023-09-29,Phil Cuzzi
STL,2023-09-30,Dan Bellino
STL,2023-10-01,Shane Livensparger
TB,2023-03-30,Jerry Layne
TB,2023-04-01,Vic Carapazza
TB,2023-04-02,Nick Mahrley
TB,2023-04-07,Ryan Blakney
TB,2023-04-08,Marvin Hudson
TB,2023-04-09,Hunter Wendelstedt
TB,2023-04-10,Jeremie Rehak
TB,2023-04-11,Paul Emmel
TB,2023-04-12,Chad Fairchild
TB,2023-04-13,Nic Lentz
TB,2023-04-21,Mark Wegner
TB,2023-04-22,Bruce Dreckman
TB,2023-04-23,Stu Scheurwater
TB,2023-04-24,Jerry Layne
TB,2023-04-25,Brock Ballou
TB,2023-04-26,Vic Carapazza
TB,2023-05-02,Adrian Johnson
TB,2023-05-03,Quinn Wolcott
TB,2023-05-04,Manny Gonzalez
TB,2023-05-05,Dan Merzel
TB,2023-05-06,Lance Barksdale
TB,2023-05-07,Will Little
TB,2023-05-19,Jerry Layne
TB,2023-05-20,Adam Hamari
TB,2023-05-21,Nick Mahrley
TB,2023-05-22,Jordan Baker
TB,2023-05-23,Brennan Miller
TB,2023-05-24,Mark Carlson
TB,2023-05-25,Tripp Gibson
TB,2023-05-26,Emil Jimenez
TB,2023-05-27,Nestor Ceja
TB,2023-05-28,Brian O'Nora
TB,2023-06-06,Jeff Nelson
TB,2023-06-07,CB Bucknor
TB,2023-06-08,Chris Segal
TB,2023-06-09,Jansen Visconti
TB,2023-06-10,Carlos Torres
TB,2023-06-11,Brock Ballou
TB,2023-06-20,Andy Fletcher
TB,2023-06-21,Jeremie Rehak
TB,2023-06-22,Malachi Moore
TB,2023-06-23,Bruce Dreckman
TB,2023-06-24,Stu Scheurwater
TB,2023-06-25,Mark Wegner
TB,2023-07-04,John Tumpane
TB,2023-07-05,David Rackley
TB,2023-07-06,Charlie Ramos
TB,2023-07-07,Vic Carapazza
TB,2023-07-08,Ramon D
TB,2023-07-09,Roberto Ortiz
TB,2023-07-20,Junior Valentine
TB,2023-07-21,Manny Gonzalez
TB,2023-07-22,Adrian Johnson
TB,2023-07-23,Jeremy Riggs
TB,2023-07-25,Brian Knight
TB,2023-07-26,Todd Tichenor
TB,2023-08-08,James Hoye
TB,2023-08-09,John Libka
TB,2023-08-10,Clint Vondrak
TB,2023-08-11,Junior Valentine
TB,2023-08-12,Quinn Wolcott
TB,2023-08-13,Adrian Johnson
TB,2023-08-22,Mike Estabrook
TB,2023-08-23,Andy Fletcher
TB,2023-08-24,Erich Bacchus
TB,2023-08-25,Clint Vondrak
TB,2023-08-26,Gabe Morales
TB,2023-08-27,Adam Beck
TB,2023-09-04,Edwin Moscoso
TB,2023-09-05,Larry Vanover
TB,2023-09-06,Jacob Metz
TB,2023-09-07,Junior Valentine
TB,2023-09-08,Chad Fairchild
TB,2023-09-09,Nic Lentz
TB,2023-09-10,Paul Clemons
TB,2023-09-19,Stu Scheurwater
TB,2023-09-20,Mark Wegner
TB,2023-09-21,Malachi Moore
TB,2023-09-22,Carlos Torres
TB,2023-09-23,Ron Kulpa
TB,2023-09-24,Alex Tosi
TEX,2023-03-30,Jeff Nelson
TEX,2023-04-01,CB Bucknor
TEX,2023-04-02,Chris Segal
TEX,2023-04-03,Marvin Hudson
TEX,2023-04-04,Hunter Wendelstedt
TEX,2023-04-05,John Tumpane
TEX,2023-04-10,Cory Blaser
TEX,2023-04-11,Carlos Torres
TEX,2023-04-12,Jansen Visconti
TEX,2023-04-21,Mark Carlson
TEX,2023-04-22,Jordan Baker
TEX,2023-04-23,Tripp Gibson
TEX,2023-04-27,Lance Barrett
TEX,2023-04-28,Ryan Blakney
TEX,2023-04-29,Jeremy Riggs
TEX,2023-04-30,Chris Guccione
TEX,2023-05-02,Alan Porter
TEX,2023-05-03,Nate Tomlinson
TEX,2023-05-15,Ryan Additon
TEX,2023-05-16,Dan Merzel
TEX,2023-05-17,Lance Barksdale
TEX,2023-05-19,Ramon D
TEX,2023-05-20,Lance Barrett
TEX,2023-05-21,Charlie Ramos
TEX,2023-06-02,Laz Diaz
TEX,2023-06-03,Mike Estabrook
TEX,2023-06-04,Andy Fletcher
TEX,2023-06-05,Pat Hoberg
TEX,2023-06-06,Nestor Ceja
TEX,2023-06-07,Brian O'Nora
TEX,2023-06-12,Ramon D
TEX,2023-06-13,Lance Barrett
TEX,2023-06-14,Doug Eddings
TEX,2023-06-15,Alfonso Márquez
TEX,2023-06-16,Jeremie Rehak
TEX,2023-06-17,Chad Fairchild
TEX,2023-06-18,Nic Lentz
TEX,2023-06-26,Jeff Nelson
TEX,2023-06-27,Ryan Wills
TEX,2023-06-28,Chris Segal
TEX,2023-06-29,Ben May
TEX,2023-06-30,Bill Miller
TEX,2023-07-01,Roberto Ortiz
TEX,2023-07-02,Chad Whitson
TEX,2023-07-03,Rob Drake
TEX,2023-07-14,Mark Ripperger
TEX,2023-07-15,Bruce Dreckman
TEX,2023-07-16,Nate Tomlinson
TEX,2023-07-17,Ron Kulpa
TEX,2023-07-18,Cory Blaser
TEX,2023-07-19,Brock Ballou
TEX,2023-07-21,Edwin Jimenez
TEX,2023-07-22,Pat Hoberg
TEX,2023-07-23,Nestor Ceja
TEX,2023-08-01,Emil Jimenez
TEX,2023-08-02,Adam Hamari
TEX,2023-08-03,Nick Mahrley
TEX,2023-08-04,Jeremy Riggs
TEX,2023-08-05,Mike Muchlinski
TEX,2023-08-06,Sean Barber
TEX,2023-08-14,Hunter Wendelstedt
TEX,2023-08-15,John Tumpane
TEX,2023-08-16,Ryan Blakney
TEX,2023-08-18,Brennan Miller
TEX,2023-08-19,Tripp Gibson
TEX,2023-08-20,Mark Carlson
TEX,2023-09-01,Chris Guccione
TEX,2023-09-02,Brian Knight
TEX,2023-09-03,Manny Gonzalez
TEX,2023-09-04,Bruce Dreckman
TEX,2023-09-05,Stu Scheurwater
TEX,2023-09-06,Mark Wegner
TEX,2023-09-08,Ryan Wills
TEX,2023-09-09,Alfonso Márquez
TEX,2023-09-10,Doug Eddings
TEX,2023-09-18,CB Bucknor
TEX,2023-09-19,Ben May
TEX,2023-09-20,Jeff Nelson
TEX,2023-09-22,Sean Barber
TEX,2023-09-23,Jim Wolf
TEX,2023-09-24,Alan Porter
TOR,2023-04-11,Erich Bacchus
TOR,2023-04-12,Ryan Wills
TOR,2023-04-13,Mike Estabrook
TOR,2023-04-14,Lance Barrett
TOR,2023-04-15,Ramon D
TOR,2023-04-16,Alfonso Márquez
TOR,2023-04-24,David Rackley
TOR,2023-04-25,Jeremy Riggs
TOR,2023-04-26,Chris Guccione
TOR,2023-04-28,Tripp Gibson
TOR,2023-04-29,Brennan Miller
TOR,2023-04-30,Mark Carlson
TOR,2023-05-12,Laz Diaz
TOR,2023-05-13,Mike Estabrook
TOR,2023-05-14,Andy Fletcher
TOR,2023-05-15,Clint Vondrak
TOR,2023-05-16,James Hoye
TOR,2023-05-17,D.J. Reyburn
TOR,2023-05-18,John Libka
TOR,2023-05-19,Adam Beck
TOR,2023-05-20,Dan Iassogna
TOR,2023-05-21,Gabe Morales
TOR,2023-05-30,Cory Blaser
TOR,2023-05-31,Ron Kulpa
TOR,2023-06-01,Carlos Torres
TOR,2023-06-05,Scott Barry
TOR,2023-06-06,Gabe Morales
TOR,2023-06-07,Adam Beck
TOR,2023-06-08,Dan Iassogna
TOR,2023-06-09,Ryan Blakney
TOR,2023-06-10,Marvin Hudson
TOR,2023-06-11,Hunter Wendelstedt
TOR,2023-06-23,Mark Ripperger
TOR,2023-06-24,Dan Bellino
TOR,2023-06-25,Tom Hanahan
TOR,2023-06-27,Ryan Blakney
TOR,2023-06-28,Hunter Wendelstedt
TOR,2023-06-29,John Tumpane
TOR,2023-06-30,David Rackley
TOR,2023-07-01,Alex Tosi
TOR,2023-07-02,Jacob Metz
TOR,2023-07-14,Chris Guccione
TOR,2023-07-15,Junior Valentine
TOR,2023-07-16,Dan Iassogna
TOR,2023-07-18,Malachi Moore
TOR,2023-07-19,Bruce Dreckman
TOR,2023-07-20,Stu Scheurwater
TOR,2023-07-28,Mike Estabrook
TOR,2023-07-29,Andy Fletcher
TOR,2023-07-30,Erich Bacchus
TOR,2023-07-31,Jeremy Riggs
TOR,2023-08-01,Mike Muchlinski
TOR,2023-08-02,Sean Barber
TOR,2023-08-03,Jim Wolf
TOR,2023-08-11,Pat Hoberg
TOR,2023-08-12,Nestor Ceja
TOR,2023-08-13,Nate Tomlinson
TOR,2023-08-15,Ryan Wills
TOR,2023-08-16,Alfonso Márquez
TOR,2023-08-25,Junior Valentine
TOR,2023-08-26,Adrian Johnson
TOR,2023-08-27,Shane Livensparger
TOR,2023-08-28,Paul Clemons
TOR,2023-08-29,Jeremie Rehak
TOR,2023-08-30,Chad Fairchild
TOR,2023-09-08,Ben May
TOR,2023-09-09,Jeff Nelson
TOR,2023-09-10,Chris Segal
TOR,2023-09-11,John Tumpane
TOR,2023-09-12,Ryan Blakney
TOR,2023-09-13,Hunter Wendelstedt
TOR,2023-09-14,Mike Muchlinski
TOR,2023-09-15,Mark Carlson
TOR,2023-09-16,Jordan Baker
TOR,2023-09-17,Tripp Gibson
TOR,2023-09-26,Malachi Moore
TOR,2023-09-27,Bruce Dreckman
TOR,2023-09-28,Stu Scheurwater
TOR,2023-09-29,Doug Eddings
TOR,2023-09-30,Alfonso Márquez
TOR,2023-10-01,Ramon D
WSH,2023-03-30,Dan Bellino
WSH,2023-04-01,Phil Cuzzi
WSH,2023-04-02,Mark Ripperger
WSH,2023-04-03,Larry Vanover
WSH,2023-04-04,Chris Guccione
WSH,2023-04-05,Dan Merzel
WSH,2023-04-14,Hunter Wendelstedt
WSH,2023-04-15,John Tumpane
WSH,2023-04-16,Ryan Blakney
WSH,2023-04-18,Ron Kulpa
WSH,2023-04-19,Cory Blaser
WSH,2023-04-30,Ryan Wills
WSH,2023-05-01,Brian Knight
WSH,2023-05-02,Alex Tosi
WSH,2023-05-03,Tony Randazzo
WSH,2023-05-04,Todd Tichenor
WSH,2023-05-12,Paul Emmel
WSH,2023-05-13,Nic Lentz
WSH,2023-05-14,Jeremie Rehak
WSH,2023-05-15,Chad Fairchild
WSH,2023-05-19,Clint Vondrak
WSH,2023-05-20,James Hoye
WSH,2023-05-21,D.J. Reyburn
WSH,2023-05-23,Nestor Ceja
WSH,2023-05-24,Brian O'Nora
WSH,2023-05-25,Pat Hoberg
WSH,2023-06-02,Chris Segal
WSH,2023-06-03,Ben May
WSH,2023-06-04,Brian Walsh
WSH,2023-06-06,Erich Bacchus
WSH,2023-06-07,Emil Jimenez
WSH,2023-06-16,Brock Ballou
WSH,2023-06-17,Ron Kulpa
WSH,2023-06-18,Junior Valentine
WSH,2023-06-19,Mike Estabrook
WSH,2023-06-20,Brian Walsh
WSH,2023-06-21,Erich Bacchus
WSH,2023-06-22,Doug Eddings
WSH,2023-07-03,Adrian Johnson
WSH,2023-07-04,Emil Jimenez
WSH,2023-07-05,Quinn Wolcott
WSH,2023-07-06,Manny Gonzalez
WSH,2023-07-07,Tom Hanahan
WSH,2023-07-08,Gabe Morales
WSH,2023-07-09,Adam Beck
WSH,2023-07-21,Jeremie Rehak
WSH,2023-07-22,Chad Fairchild
WSH,2023-07-23,Charlie Ramos
WSH,2023-07-24,Jansen Visconti
WSH,2023-07-25,Carlos Torres
WSH,2023-07-26,Ron Kulpa
WSH,2023-07-31,Tony Randazzo
WSH,2023-08-01,Alex Tosi
WSH,2023-08-02,Angel Hernandez
WSH,2023-08-11,Nick Mahrley
WSH,2023-08-12,Vic Carapazza
WSH,2023-08-13,Emil Jimenez
WSH,2023-08-15,Bruce Dreckman
WSH,2023-08-16,Stu Scheurwater
WSH,2023-08-17,Mark Wegner
WSH,2023-08-18,Jim Wolf
WSH,2023-08-19,Mike Muchlinski
WSH,2023-08-20,
WSH,2023-08-31,Adam Beck
WSH,2023-09-01,Dan Iassogna
WSH,2023-09-02,Clint Vondrak
WSH,2023-09-03,Gabe Morales
WSH,2023-09-05,Tripp Gibson
WSH,2023-09-06,Mark Carlson
WSH,2023-09-08,David Rackley
WSH,2023-09-09,Edwin Moscoso
WSH,2023-09-10,Jacob Metz
WSH,2023-09-18,Will Little
WSH,2023-09-19,Ryan Additon
WSH,2023-09-20,Lance Barksdale
WSH,2023-09-21,Alfonso Márquez
WSH,2023-09-22,Ramon D
